instancia,tipo_sede,alcaldia,sede,calle,numero_exterior,numero_interior,colonia,colonia_servicio_postal_mexicano,codigo_postal_servicio_postal_mexicano,referencia_de_ubicacion,latitud,longitud,dias_atencion,horario_ini,horario_fin,telefono_uno,telefono_dos,telefono_tres,telefono_cuatro
FISCALÍA  GENERAL DE JUSTICIA,COORDINACIÓN TERRITORIAL,VENUSTIANO CARRANZA,Coordinación Territorial VC-4,Agricultura,78,S/N,Federal,Federal,15700,Alcaldía Venustiano Carranza,19.421064,-99.083504,Lunes a Domingo,09:00:00,19:00:00,NA,NA,NA,NA
FISCALÍA  GENERAL DE JUSTICIA,FISCALÍA ESPECIALIZADA,VENUSTIANO CARRANZA,Agencia del Ministerio Público Especializada en Atención a Usuarios del STCM Pantitlán,Alberto Branis y Manuel Lebrija,S/N,S/N,Ampliación Adolfo López Mateos,Adolfo López Mateos,15670,Dentro de las instalaciones de la estación Pantitlán,19.416028,-99.074537,Lunes a Viernes,09:00:00,19:00:00,52426559,NA,NA,NA
FISCALÍA  GENERAL DE JUSTICIA,UNIDAD DE ATENCIÓN TEMPRANA,CUAUHTEMOC,Coordinación Territorial CUH-7,Álvaro Obregón,269,S/N,Roma Norte,Roma Norte,06700,Esquina Calle Valladolid (comparte inmueble con SEMOVI),19.417154,-99.167446,Lunes a Domingo,08:00:00,20:00:00,52071619,53468706,NA,NA
FISCALÍA  GENERAL DE JUSTICIA,FISCALÍA ESPECIALIZADA,CUAUHTEMOC,Agencia del Ministerio Público Especializada en Atención a Turistas Nacionales Y Extranjeros,Amberes,54,S/N,Juárez,Juárez,06600,Al interior del Consejo Ciudadano de la Cuidad de México,19.425249,-99.164936,Lunes a Viernes,09:00:00,17:00:00,53455384,NA,NA,NA
FISCALÍA  GENERAL DE JUSTICIA,FISCALÍA ESPECIALIZADA,CUAUHTEMOC,Fiscalía de Investigación de Delitos Sexuales FDS-1,Amberes,54,P/B,Juárez,Juárez,06600,Cerca del metro Insurgentes,19.425264,-99.165015,Lunes a Domingo,00:00:00,23:59:00,53455399,NA,NA,NA
FISCALÍA  GENERAL DE JUSTICIA,UNIDAD DE ATENCIÓN TEMPRANA,COYOACAN,Coordinación Territorial Coy-3,Apaches esq. Eje 3 Oriente,S/N,S/N,San Francisco Culhuacán,San Francisco Culhuacán Barrio De San Francisco,04260,A una cuadra del ESIME Culhuacán,19.334342,-99.113493,Lunes a Domingo,08:00:00,20:00:00,5552009373,NA,NA,NA
FISCALÍA  GENERAL DE JUSTICIA,UNIDAD DE ATENCIÓN TEMPRANA,AZCAPOTZALCO,Coordinación Territorial Az-2 y Az-4,Avenida 22 de febrero esquina Castilla Oriente,S/N,S/N,Del Maestro,Del Maestro,02040,A un costado de la Alcaldía,19.483852,-99.182721,Lunes a Domingo,00:00:00,23:59:00,53468355,53468373,NA,NA
FISCALÍA  GENERAL DE JUSTICIA,UNIDAD DE ATENCIÓN TEMPRANA,GUSTAVO A. MADERO,Coordinación Territorial GAM-4,Avenida 5 de febrero y Vicente Villada,S/N,S/N,Aragón La Villa,Aragón La Villa,07000,Atrás del Edificio Alcaldía Gustavo A. Madero,19.482277,-99.112942,Lunes a Domingo,00:00:00,23:59:00,53468072,53468097,NA,NA
FISCALÍA  GENERAL DE JUSTICIA,UNIDAD DE ATENCIÓN TEMPRANA,MILPA ALTA,Coordinación Territorial MIL-2,Avenida 5 de mayo esquina Prolongación Zaragoza,S/N,S/N,Pueblo San Antonio Tecómitl,Xaltipac,12100,Mercado San Antonio Tecomitl,19.217432,-98.989326,Lunes a Domingo,00:00:00,23:59:00,52009126,NA,NA,NA
FISCALÍA  GENERAL DE JUSTICIA,UNIDAD DE ATENCIÓN TEMPRANA,GUSTAVO A. MADERO,Coordinación Territorial GAM-7 y GAM-8,Avenida 661,S/N,S/N,San Juan De Aragón,San Juan De Aragón,07920,Entre Av. 604 y Av. 606,19.454973,-99.060272,Lunes a Domingo,00:00:00,23:59:00,53468028,NA,NA,NA
FISCALÍA  GENERAL DE JUSTICIA,UNIDAD DE ATENCIÓN TEMPRANA,LA MAGDALENA CONTRERAS,Coordinación Territorial MC-2,Avenida Alvaro Obregón,20,S/N,Barranca Seca,Barranca Seca,10580,a un constado de la Alcaldía Magdalena Contreras,19.304643,-99.241834,Lunes a Domingo,00:00:00,23:59:00,53468501,53468501,NA,NA
FISCALÍA  GENERAL DE JUSTICIA,UNIDAD DE ATENCIÓN TEMPRANA,VENUSTIANO CARRANZA,Coordinación Territorial VC-5,Avenida Circunvalación y antiguo cause de río churubusco,S/N,S/N,Caracol,Caracol,15630,Junto al Parque Ícaro,19.424618,-99.066995,Lunes a Domingo,08:00:00,20:00:00,53455834,NA,NA,NA
FISCALÍA  GENERAL DE JUSTICIA,COORDINACIÓN TERRITORIAL,AZCAPOTZALCO,Coordinación Territorial Az-1 y Az-3,Avenida de las Culturas y eje 5 Norte,S/N,S/N,El Rosario,El Rosario,02100,Estación Metrobús De las Culturas,19.510044,-99.190543,Lunes a Domingo,09:00:00,19:00:00,53468383,53468398,NA,NA
FISCALÍA  GENERAL DE JUSTICIA,FISCALÍA ESPECIALIZADA,IZTAPALAPA,Agencia Especializada para la atención de personas Adultas Mayores Víctimas de Violencia Familiar Zona Oriente,Avenida Del Rosal,S/N,S/N,Magdalena Atlazolpa,Magdalena Atlazolpa,09410,Cerca de metro Apatlaco,19.377894,-99.110341,Lunes a viernes,09:00:00,19:00:00,52009624,NA,NA,NA
FISCALÍA  GENERAL DE JUSTICIA,COORDINACIÓN TERRITORIAL,IZTAPALAPA,Coordinación Territorial IZP-2,Avenida Ermita Iztapalapa y Callejón de Circunvalación,S/N,S/N,Barrio Santa Bárbara,Santa Bárbara,09000,Junto a  la Clínica de Medicina Familiar (CMF) Iztapalapa I,19.356432,-99.106432,Lunes a Domingo,09:00:00,19:00:00,56455673,26361379,NA,NA
FISCALÍA  GENERAL DE JUSTICIA,UNIDAD DE ATENCIÓN TEMPRANA,IZTAPALAPA,Coordinación Territorial IZP-9 y IZP-10,Avenida Ermita Iztapalapa y Zacatepec,S/N,S/N,Paraje De Zacatepec,Paraje Zacatepec,09560,A un costado del Penal de Santa Martha,19.353447,-99.013199,Lunes a Domingo,00:00:00,23:59:00,56455697,56455698,NA,NA
FISCALÍA  GENERAL DE JUSTICIA,UNIDAD DE ATENCIÓN TEMPRANA,MILPA ALTA,Coordinación Territorial MIL-1,Avenida Jalisco esquina Avenida México,S/N,S/N,Villa Milpa Alta,Villa Milpa Alta Centro,12000,Frente Alcaldía Milpa Alta,19.19196,-99.02409,Lunes a Domingo,00:00:00,23:59:00,52009125,NA,NA,NA
FISCALÍA  GENERAL DE JUSTICIA,UNIDAD DE ATENCIÓN TEMPRANA,LA MAGDALENA CONTRERAS,Coordinación Territorial MC-1,Avenida San Jerónimo,2625,S/N,Ampliación Potrerillo,Ampliación Potrerillo,10368,Esquina con la Soledad,19.310104,-99.259116,Lunes a Domingo,00:00:00,23:59:00,53468501,53468501,NA,NA
FISCALÍA  GENERAL DE JUSTICIA,COORDINACIÓN TERRITORIAL,IZTAPALAPA,Coordinación Territorial IZP-7,Avenida San Lorenzo Tezonco,310,S/N,San Nicolás Tolentino,San Nicolás Tolentino,09850,A un costado del Panteón San Lorenzo,19.338116,-99.074873,Lunes a Domingo,09:00:00,19:00:00,56455690,56139751,NA,NA
FISCALÍA  GENERAL DE JUSTICIA,UNIDAD DE ATENCIÓN TEMPRANA,ALVARO OBREGON,Coordinación Territorial AO-3 y AO-4,Avenida Toluca,10,S/N,Progreso Tizapan,Progreso Tizapan,01080,Cerca del Hospital San Ángel Inn,19.340056,-99.201591,Lunes a Domingo,00:00:00,23:59:00,52009594,NA,NA,NA
FISCALÍA  GENERAL DE JUSTICIA,CENTRO DE JUSTICIA PARA LAS MUJERES,IZTAPALAPA,Centro De Justicia Para Mujeres en Iztapalapa,Avenida 20 de noviembre,29,S/N,Ixtlahuacán,Iztlahuacán,09690,NA,19.343397,-98.998759,Lunes a Domingo,00:00:00,23:59:00,5553455737,53455749,NA,NA
FISCALÍA  GENERAL DE JUSTICIA,UNIDAD DE ATENCIÓN TEMPRANA,GUSTAVO A. MADERO,Coordinación Territorial GAM-5,Avenida 416 y Avenida José Loreto Fabela,S/N,S/N,San Juan De Aragón Vii Sección,San Juan De Aragón Vii Sección,07910,A unos pasos estación metrobús pte. 416,19.473469,-99.078627,Lunes a Domingo,00:00:00,23:59:00,53468090,534680940,NA,NA
FISCALÍA  GENERAL DE JUSTICIA,UNIDAD DE ATENCIÓN TEMPRANA,IZTAPALAPA,Coordinación Territorial IZP-1 y IZP-4,Avenida 5 de Mayo y Callejón Victoria,S/N,S/N,Barrio San Lucas,San Lucas,09000,Frente a plaza del mariachi,19.360962,-99.093658,Lunes a Domingo,00:00:00,23:59:00,56455680,56455670,NA,NA
FISCALÍA  GENERAL DE JUSTICIA,FISCALÍA ESPECIALIZADA,COYOACAN,Agencia del Ministerio Público Especializada en Atención a la Comunidad Universitaria,Avenida Antonio Delfín Madrigal,S/N,S/N,Pedregal Santo Domingo,Pedregal De Santo Domingo,04369,NA,19.325296,-99.174021,Lunes a Domingo,09:00:00,19:00:00,56584857,NA,NA,NA
FISCALÍA  GENERAL DE JUSTICIA,COORDINACIÓN TERRITORIAL,BENITO JUAREZ,Coordinación Territorial BJ-5,Avenida Bretaña esquina con Orinoco,S/N,S/N,Portales,Zacahuitzco,03550,A dos calles del Metro Portales,19.373372,-99.140193,Lunes a Domingo,09:00:00,19:00:00,52009545,52009638,NA,NA
FISCALÍA  GENERAL DE JUSTICIA,FISCALÍA ESPECIALIZADA,VENUSTIANO CARRANZA,Agencia del Ministerio Público Especializada en Atención a Usuarios del Aeropuerto Internacional de la Ciudad de México,Avenida Capitán Carlos León,S/N,S/N,Peñón De Los Baños,Peñón De Los Baños,15520,Al interior del Aeropuerto Internacional de la Ciudad de México (Terminal 1),19.436111,-99.071851,Lunes a Domingo,00:00:00,23:59:00,53455843,NA,NA,NA
FISCALÍA  GENERAL DE JUSTICIA,UNIDAD DE ATENCIÓN TEMPRANA,GUSTAVO A. MADERO,Coordinación Territorial GAM-2,Avenida Congreso de la Unión,S/N,S/N,Ampliación San Juan De Aragón,Ampliación San Juan De Aragón,07470,"Cerca de la estación metro Talismán, entre Oriente 171 y vías del Ferrocarril",19.475771,-99.107482,Lunes a Domingo,00:00:00,23:59:00,53468060,53468050,NA,NA
FISCALÍA  GENERAL DE JUSTICIA,COORDINACIÓN TERRITORIAL,IZTACALCO,Coordinación Territorial IZC-1,Avenida Congreso de la Unión,S/N,S/N,Nueva Santa Anita,Nueva Santa Anita,08210,Costado del Metro Santa Anita,19.403017,-99.121239,Lunes a Domingo,00:00:00,23:59:00,52009180,NA,NA,NA
FISCALÍA  GENERAL DE JUSTICIA,UNIDAD DE ATENCIÓN TEMPRANA,BENITO JUAREZ,Coordinación Territorial BJ-1 y Bj-2,Avenida División del Norte,1611,S/N,Santa Cruz Atoyac,Santa Cruz Atoyac,03310,Frente al Parque de los Venados,19.372616,-99.157761,Lunes a Domingo,00:00:00,23:59:00,52009500,52009503,NA,NA
FISCALÍA  GENERAL DE JUSTICIA,Centro de Apoyo Sociojurídico a Víctimas del Delito Violento (ADEVI),CUAUHTEMOC,Centro de Apoyo Sociojurídico a Víctimas del Delito Violento (ADEVI),"Avenida Dr. Río de la Loza, esquina con Calle Digna Ochoa y Plácido",156.0,Piso 6,Doctores,Doctores,06720,Cerca Metro Balderas,19.425152,-99.148533,Lunes a Viernes,09:00:00,19:00:00,52009196,52009200,NA,NA
FISCALÍA  GENERAL DE JUSTICIA,Centro de Atención a Riesgos Victimales y Adicciones (CARIVA),CUAUHTEMOC,Centro de Atención a Riesgos Victimales y Adicciones (CARIVA),"Avenida Dr. Río de la Loza, esquina con Calle Digna Ochoa y Plácido",156.0,Piso 5,Doctores,Doctores,06720,Cerca Metro Balderas,19.425152,-99.148533,Lunes a Viernes,09:00:00,19:00:00,52009166,52009171,NA,NA
FISCALÍA  GENERAL DE JUSTICIA,FISCALÍA ESPECIALIZADA,CUAUHTEMOC,Agencia del Ministerio Público Especializada en Atención a Usuarios del Tren Suburbano,Avenida Insrugentes Norte,S/N,S/N,Buenavista,Buenavista,06350,Dentro de las instalaciones de la Estación Buenavista,19.447294,-99.152056,Lunes a Viernes,09:00:00,18:00:00,19460760,NA,NA,NA
FISCALÍA  GENERAL DE JUSTICIA,UNIDAD DE ATENCIÓN TEMPRANA,BENITO JUAREZ,Coordinación Territorial BJ-3 y Bj-4,Avenida Obrero Mundial esquina con Cuauhtémoc,S/N,S/N,Navarte,Narvarte Poniente,03020,Frente al Centro Comercial Parque Delta,19.401511,-99.155388,Lunes a Domingo,00:00:00,23:59:00,52009626,52009617,NA,NA
FISCALÍA  GENERAL DE JUSTICIA,FISCALÍA ESPECIALIZADA,MIGUEL HIDALGO,Agencia del Ministerio Público Especializada en Atención a Turistas Nacionales Y Extranjeros,Avenida Presidente Masaryk,172,S/N,Bosques De Chapultepec,Bosque De Chapultepec I Sección,11580,Dentro de la Secretaría de Turismo,19.431327,-99.188466,Lunes a Viernes,09:00:00,17:00:00,55317449,NA,NA,NA
FISCALÍA  GENERAL DE JUSTICIA,FISCALÍA ESPECIALIZADA,IZTAPALAPA,Fiscalía de Investigación de Delitos Sexuales FDS-5,"Avenida Telecomunicaciones, casi esquina con calle Tres",S/N,S/N,Tepalcates,Tepalcates,09210,Cabeza de Juárez,19.381944,-99.041012,Lunes a Domingo,00:00:00,23:59:00,53455657,53455656,NA,NA
FISCALÍA  GENERAL DE JUSTICIA,FISCALÍA ESPECIALIZADA,ALVARO OBREGON,Fiscalía de Investigación de Delitos Sexuales FDS-2,"Avenida Toluca, esquina Avenida México",S/N,S/N,Progreso Tizapan,Progreso Tizapan,01080,Al lado de la Coordinación territorial AO-3,19.339827,-99.201533,Lunes a Domingo,00:00:00,23:59:00,52009568,52009579,NA,NA
FISCALÍA  GENERAL DE JUSTICIA,UNIDAD DE ATENCIÓN TEMPRANA,IZTAPALAPA,Coordinación Territorial IZP-8,Avenida Zacatlán,S/N,S/N,Lomas De San Lorenzo,Lomas De San Lorenzo,09780,Entre Av. Tláhuac y Av. cempasúchil,19.312856,-99.064556,Lunes a Domingo,00:00:00,23:59:00,56455644,56455693,NA,NA
FISCALÍA  GENERAL DE JUSTICIA,COORDINACIÓN TERRITORIAL,ALVARO OBREGON,Coordinación Territorial AO-1 y AO-2,Batallón de San Patricio esquina Escuadrón 201,S/N,S/N,Cristo Rey,Cristo Rey,01150,Esquina con Escuadron 201,19.389398,-99.200678,Lunes a Domingo,09:00:00,19:00:00,52009573,NA,NA,NA
FISCALÍA  GENERAL DE JUSTICIA,UNIDAD DE ATENCIÓN TEMPRANA,VENUSTIANO CARRANZA,Coordinación Territorial VC-2,Boulevard Puerto Aéreo esquina con Norte 13,S/N,S/N,Moctezuma 2da. Sección,Moctezuma 2a Sección,15530,Metro Boulevard Aeropuerto (Línea 1),19.425908,-99.093466,Lunes a Domingo,08:00:00,20:00:00,53455840,NA,NA,NA
FISCALÍA  GENERAL DE JUSTICIA,UNIDAD DE ATENCIÓN TEMPRANA,IZTAPALAPA,Coordinación Territorial IZP-6,Calle 3 y Avenida Telecomunicaciones,S/N,S/N,Tepalcates,Tepalcates,09210,"A un costado del Depósito de Vehículos ""E""",19.381824,-99.040859,Lunes a Domingo,00:00:00,23:59:00,56455633,56455639,NA,NA
FISCALÍA  GENERAL DE JUSTICIA,UNIDAD DE ATENCIÓN TEMPRANA,CUAUHTEMOC,Coordinación Territorial CUH-8,Calle Chimalpopoca,100,S/N,Obrera,Obrera,06800,Cerca metro Isabel la Católica,19.422794,-99.137232,Lunes a Domingo,00:00:00,23:59:00,53468714,55783068,NA,NA
FISCALÍA  GENERAL DE JUSTICIA,FISCALÍA ESPECIALIZADA,CUAUHTEMOC,Fiscalía Desconcentrada de Investigación en Agencias de Atención Especializadas,Calle Digna Ochoa,56,S/N,Doctores,Doctores,06720,Piso 3,19.424928,-99.147363,Lunes a Domingo,00:00:00,23:59:00,53455138,NA,NA,NA
FISCALÍA  GENERAL DE JUSTICIA,FISCALÍA ESPECIALIZADA,CUAUHTEMOC,Agencia del Ministerio Público Especializada en Atención a Personas Integrantes de la Comunidad LGBTTTI (Bunker),Calle Digna Ochoa,56,S/N,Doctores,Doctores,06720,NA,19.424788,-99.147363,Lunes a Domingo,00:00:00,23:59:00,53465219,NA,NA,NA
FISCALÍA  GENERAL DE JUSTICIA,FISCALÍA ESPECIALIZADA,CUAUHTEMOC,Agencia del Ministerio Público Especializada en Atención a Usuarios del Sistema de Corredores de Transporte Público de Pasajeros Metrobús,Calle Digna Ochoa,56,S/N,Doctores,Doctores,06720,NA,19.424694,-99.147554,Lunes a viernes,09:00:00,19:00:00,53465115,NA,NA,NA
FISCALÍA  GENERAL DE JUSTICIA,FISCALÍA ESPECIALIZADA,CUAUHTEMOC,Agencia 75,Calle Digna Ochoa,56,Piso 4,Doctores,Doctores,06720,Edificio Bunker Cerca de metro Balderas,19.424415,-99.1476,Lunes a viernes,09:00:00,23:59:00,53455125,NA,NA,NA
FISCALÍA  GENERAL DE JUSTICIA,FISCALÍA ESPECIALIZADA,CUAUHTEMOC,Agencia 75 BIS,Calle Digna Ochoa,56,Piso 4,Doctores,Doctores,06720,Edificio Bunker Cerca de metro Balderas,19.42433,-99.147664,Lunes a viernes,09:00:00,19:00:00,53455124,NA,NA,NA
FISCALÍA  GENERAL DE JUSTICIA,FISCALÍA ESPECIALIZADA,CUAUHTEMOC,Agencia 75 TER,Calle Digna Ochoa,56,Piso 4,Doctores,Doctores,06720,Edificio Bunker Cerca de metro Balderas,19.424301,-99.14768,Lunes a viernes,09:00:00,19:00:00,53455123,NA,NA,NA
FISCALÍA  GENERAL DE JUSTICIA,FISCALÍA ESPECIALIZADA,CUAUHTEMOC,Agencia Especializada para la atención de personas Adultas Mayores Víctimas de Violencia Familiar,Calle Digna Ochoa,56,Planta Baja,Doctores,Doctores,06720,Edificio Bunker Cerca de metro Balderas,19.424164,-99.147728,Lunes a Viernes,09:00:00,21:00:00,53455111,NA,NA,NA
FISCALÍA  GENERAL DE JUSTICIA,FISCALÍA ESPECIALIZADA,CUAUHTEMOC,Fiscalía Central de Investigación para la Atención del Delito de Trata de Personas,Calle Digna Ochoa,56,S/N,Doctores,Doctores,06720,Edificio Bunker Cerca de metro Balderas,19.424022,-99.147616,Lunes a Domingo,00:00:00,23:59:00,53468480,NA,NA,NA
FISCALÍA  GENERAL DE JUSTICIA,FISCALÍA ESPECIALIZADA,CUAUHTEMOC,"Fiscalía Central de Investigación para la Atención de Niños, Niñas y Adolescentes - Agencia A",Calle Digna Ochoa,56,Piso 2,Doctores,Doctores,06720,Edificio Bunker Cerca de metro Balderas,19.423937,-99.147802,Lunes a viernes,09:00:00,19:00:00,53468866,NA,NA,NA
FISCALÍA  GENERAL DE JUSTICIA,FISCALÍA ESPECIALIZADA,CUAUHTEMOC,"Fiscalía Central de Investigación para la Atención de Niños, Niñas y Adolescentes - Agencia B",Calle Digna Ochoa,56,Piso 2,Doctores,Doctores,06720,Edificio Bunker Cerca de metro Balderas,19.42393,-99.147768,Lunes a viernes,09:00:00,19:00:00,53468325,NA,NA,NA
FISCALÍA  GENERAL DE JUSTICIA,FISCALÍA ESPECIALIZADA,CUAUHTEMOC,"Fiscalía Central de Investigación para la Atención de Niños, Niñas y Adolescentes - Agencia D",Calle Digna Ochoa,56,Piso 2,Doctores,Doctores,06720,Edificio Bunker Cerca de metro Balderas,19.423926,-99.147701,Lunes a viernes,09:00:00,19:00:00,53468676,NA,NA,NA
FISCALÍA  GENERAL DE JUSTICIA,FISCALÍA ESPECIALIZADA,CUAUHTEMOC,Fiscalía de Investigación de Delitos Sexuales FDS-6,Calle Digna Ochoa,56,Piso 2,Doctores,Doctores,06720,Cerca Metro Balderas,19.424574,-99.147135,Lunes a Domingo,00:00:00,23:59:00,53455136,53468116,NA,NA
FISCALÍA  GENERAL DE JUSTICIA,FISCALÍA ESPECIALIZADA,CUAUHTEMOC,Fiscalía de Investigación de Delitos Sexuales FDS-7,Calle Digna Ochoa,56,Piso 2,Doctores,Doctores,06720,Cerca Metro Balderas,19.424574,-99.147135,Lunes a Domingo,00:00:00,23:59:00,53458255,NA,NA,NA
FISCALÍA  GENERAL DE JUSTICIA,FISCALÍA ESPECIALIZADA,CUAUHTEMOC,"Agencia ""A"" Sin detenido de Fiscalía de Delitos Sexuales",Calle Digna Ochoa,56,Piso 1,Doctores,Doctores,06720,Cerca Metro Balderas,19.424372,-99.147388,Lunes a Viernes,09:00:00,19:00:00,53468114,NA,NA,NA
FISCALÍA  GENERAL DE JUSTICIA,FISCALÍA ESPECIALIZADA,CUAUHTEMOC,"Agencia ""B"" Sin Detenido de Fiscalía de Delitos Sexuales",Calle Digna Ochoa,56,Piso 1,Doctores,Doctores,06720,Cerca Metro Balderas,19.424372,-99.147388,Lunes a Viernes,09:00:00,19:00:00,53468114,NA,NA,NA
FISCALÍA  GENERAL DE JUSTICIA,CENTRO DE ATENCIÓN A LA VIOLENCIA INTRAFAMILIAR (CAVI),CUAUHTEMOC,Centro de Atención a la Violencia Intrafamiliar (CAVI),"Calle Digna Ochoa y Plácido, esquina con Avenida Río de la Loza",56.0,S/N,Doctores,Doctores,06720,Cerca Metro Balderas,19.424574,-99.147135,Lunes a Viernes,09:00:00,19:00:00,53455224,53455228,NA,NA
FISCALÍA  GENERAL DE JUSTICIA,Centro de Investigación Victimológica y de Apoyo Operativo (CIVA),CUAUHTEMOC,Centro de Investigación Victimológica y de Apoyo Operativo (CIVA),"Calle Dr. Andrade, esquina con Calle Dr. Velasco",103.0,Piso 3,Doctores,Doctores,06720,Cerca Metro Doctores,19.419286,-99.146004,Lunes a Viernes,09:00:00,19:00:00,53455055,53455050,NA,NA
FISCALÍA  GENERAL DE JUSTICIA,CENTRO DE TERAPIA DE APOYO A VÍCTIMAS DE DELITOS SEXUALES (CTA),BENITO JUAREZ,Centro de Terapia de Apoyo a Víctimas de Delitos Sexuales (CTA),"Calle Enrique Pestalozzi, esquina con Avenida Ángel Urraza",1115.0,S/N,Del Valle Centro,Del Valle Centro,03100,Entre Samuel Serrano y Eje 6 Ángel Urraza,19.381211,-99.161037,Lunes a Viernes,09:00:00,19:00:00,52009632,52009634,NA,NA
FISCALÍA  GENERAL DE JUSTICIA,UNIDAD DE ATENCIÓN TEMPRANA,XOCHIMILCO,Coordinación Territorial XO-2,Calle Gladiolas esquina Cuitláhuac,S/N,S/N,Barrio San Pedro,San Pedro,16090,Frente al Deportivo Xochimilco,19.257612,-99.108268,Lunes a Domingo,00:00:00,23:59:00,52009131,NA,NA,NA
FISCALÍA  GENERAL DE JUSTICIA,UNIDAD DE ATENCIÓN TEMPRANA,MIGUEL HIDALGO,Coordinación Territorial MH-4 y MH-5,Calle las Huertas esquina General Fuero,S/N,S/N,Observatorio,Tacubaya,11860,Cerca del edificio de la Alcaldía Miguel Hidalgo,19.406996,-99.191383,Lunes a Domingo,00:00:00,23:59:00,53468284,NA,NA,NA
FISCALÍA  GENERAL DE JUSTICIA,UNIDAD DE ATENCIÓN TEMPRANA,CUAUHTEMOC,Coordinación Territorial CUH-1,Calle Lerdo,322,S/N,San Simón,San Simón Tolnáhuac,06920,"Cerca metro Tlatelolco, entre M. González y San Simón",19.456598,-99.140341,Lunes a Domingo,08:00:00,20:00:00,53468877,53468715,NA,NA
FISCALÍA  GENERAL DE JUSTICIA,UNIDAD DE ATENCIÓN TEMPRANA,CUAUHTEMOC,Coordinación Territorial CUH-3,Calle Peralvillo,122,S/N,Morelos,Morelos,06200,Estación metrobús Peralvillo,19.451419,-99.131441,Lunes a Domingo,08:00:00,20:00:00,53468726,53468156,NA,NA
FISCALÍA  GENERAL DE JUSTICIA,UNIDAD DE ATENCIÓN TEMPRANA,TLALPAN,Coordinación Territorial TLP-5,Calle Tetenco,9,S/N,San Miguel Topilejo,San Miguel Topilejo,14500,Dentro Sector SSC de Topilejo,19.197654,-99.143966,Lunes a Domingo,00:00:00,23:59:00,52009315,52009307,NA,NA
FISCALÍA  GENERAL DE JUSTICIA,UNIDAD DE ATENCIÓN TEMPRANA,CUAUHTEMOC,Coordinación Territorial CUH-6,Calle Victoria,76,S/N,Centro (Área 1),Centro (Área 1),06000,Cerca metro Juárez,19.431765,-99.145762,Lunes a Domingo,08:00:00,20:00:00,53468720,53468722,NA,NA
FISCALÍA  GENERAL DE JUSTICIA,FISCALÍA ESPECIALIZADA,CUAUHTEMOC,Agencia del Ministerio Público Especializada en Atención a Personas Integrantes de la Comunidad LGBTTTI (Zarco y Violeta),Calle Zarco,S/N,S/N,Guerrero,Guerrero,06300,NA,19.441164,-99.146148,Lunes a Domingo,00:00:00,23:59:00,53468543,NA,NA,NA
FISCALÍA  GENERAL DE JUSTICIA,UNIDAD DE ATENCIÓN TEMPRANA,MIGUEL HIDALGO,Coordinación territorial MH-1,Calzada México Tacuba,S/N,S/N,Tacuba,Tacuba,11410,"Esquina Mar Arábigo, estación del Metro Tacuba",19.458851,-99.185431,Lunes a Domingo,00:00:00,23:59:00,53468215,NA,NA,NA
FISCALÍA  GENERAL DE JUSTICIA,UNIDAD DE ATENCIÓN TEMPRANA,IZTAPALAPA,Coordinación Territorial IZP-5,Campaña del Ébano y Revolución Social,S/N,S/N,U.h Vicente Guerrero,Unidad Vicente Guerrero,09200,Cerca de la Clinica del IMSS número 47,19.353586,-99.053906,Lunes a Domingo,00:00:00,23:59:00,56455685,56455696,NA,NA
FISCALÍA  GENERAL DE JUSTICIA,UNIDAD DE ATENCIÓN TEMPRANA,COYOACAN,Coordinación Territorial Coy-5,Candelaria Pérez y Laura Méndez de Cuenca,S/N,S/N,Culhuacán Ctm,Culhuacán Ctm Sección V,04440,Frente al campo de Cherokees,19.319492,-99.100571,Lunes a Domingo,00:00:00,23:59:00,5552009397,NA,NA,NA
FISCALÍA  GENERAL DE JUSTICIA,UNIDAD DE ATENCIÓN TEMPRANA,TLALPAN,Coordinación Territorial TLP-1,Carretera Picacho-Ajusco,KM 4.5,S/N,Ampliación Miguel Hidalgo,Miguel Hidalgo,14250,A una cuadra del Hosp. Ajusco Medio,19.270928,-99.206269,Lunes a Domingo,00:00:00,23:59:00,52009320,52009338,NA,NA
FISCALÍA  GENERAL DE JUSTICIA,COORDINACIÓN TERRITORIAL,CUAJIMALPA DE MORELOS,Coordinación Territorial CUJ-1 y CUJ-2,Cerrada de Ramírez y Castillo Ledón,S/N,S/N,Cuajimalpa Centro,Cuajimalpa,05000,"Esquina con calle Castillo Ledon, a un costado de sector de SSC Cuajimalpa",19.357693,-99.298387,Lunes a Domingo,00:00:00,23:59:00,53468790,53468791,NA,NA
FISCALÍA  GENERAL DE JUSTICIA,UNIDAD DE ATENCIÓN TEMPRANA,GUSTAVO A. MADERO,Coordinación Territorial GAM-3,Cerrada Sur de los 100 metros,S/N,S/N,Industrial Vallejo,Nueva Vallejo,07750,Entre Calz. Vallejo y Eje Central,19.484433,-99.14481,Lunes a Domingo,00:00:00,23:59:00,53468085,53468082,NA,NA
FISCALÍA  GENERAL DE JUSTICIA,FISCALÍA ESPECIALIZADA,GUSTAVO A. MADERO,Fiscalía de Investigación de Delitos Sexuales FDS-4,"Cerrada Sur de los Cien Metros, esquina Eje Central",S/N,S/N,Industrial Vallejo,Nueva Vallejo,07750,Metro Instituto del Petróleo,19.484476,-99.144861,Lunes a Domingo,00:00:00,23:59:00,53468042,53468043,NA,NA
FISCALÍA  GENERAL DE JUSTICIA,COORDINACIÓN TERRITORIAL,XOCHIMILCO,Coordinación Territorial XO-1,Circuito Martínez de Castro,S/N,S/N,San Mateo Xalpa,San Mateo Xalpa,16800,Edificio de Juzgados Reclusorio Sur,19.236648,-99.127477,Lunes a Domingo,09:00:00,19:00:00,52009468,NA,NA,NA
FISCALÍA  GENERAL DE JUSTICIA,FISCALÍA ESPECIALIZADA,CUAUHTEMOC,"Agencia 59 Fiscalía Central de Investigación para la Atención de Niños, Niñas y Adolescentes",Doctor Liceaga,93,S/N,Doctores,Doctores,06720,Una cuadra atrás del Búnker,19.422127,-99.147785,Lunes a Domingo,00:00:00,23:59:00,52426121,NA,NA,NA
FISCALÍA  GENERAL DE JUSTICIA,COORDINACIÓN TERRITORIAL,IZTAPALAPA,Coordinación Territorial IZP-3,Eje 5 SUR y Canal de Churubusco,S/N,S/N,Central De Abastos,Central De Abasto,09040,Interior de la Central de Abastos,19.373298,-99.095991,Lunes a Domingo,09:00:00,19:00:00,56455654,56455655,NA,NA
FISCALÍA  GENERAL DE JUSTICIA,UNIDAD DE ATENCIÓN TEMPRANA,GUSTAVO A. MADERO,Coordinación Territorial GAM-1,Emiliano Zapata y Guadalupe Victoria,S/N,S/N,Cuautepec Barrio Bajo,Cuautepec De Madero,07200,Cerca de la laguna del Arbolillo,19.537562,-99.141316,Lunes a Domingo,00:00:00,23:59:00,53468062,53468066,NA,NA
FISCALÍA  GENERAL DE JUSTICIA,FISCALÍA ESPECIALIZADA,CUAUHTEMOC,Agencia del Ministerio Público Especializada en Atención a Usuarios del STCM Hidalgo,Entrada y/o Salida Avenida Puente de Alvarado,S/N,S/N,Centro,Centro (Área 1),06000,Dentro de las instalaciones de la estación Hidalgo,19.437517,-99.14724,Lunes a Viernes,09:00:00,19:00:00,52009412,NA,NA,NA
FISCALÍA  GENERAL DE JUSTICIA,UNIDAD DE ATENCIÓN TEMPRANA,VENUSTIANO CARRANZA,Coordinación Territorial VC-3,Francisco del Paso y Troncoso esquina con Fray Servando Teresa de Mier,S/N,S/N,Jardín Balbuena,Jardín Balbuena,15900,Alcaldía Venustiano Carranza,19.419727,-99.114014,Lunes a Domingo,00:00:00,23:59:00,53455831,53455809,NA,NA
FISCALÍA  GENERAL DE JUSTICIA,FISCALÍA ESPECIALIZADA,VENUSTIANO CARRANZA,Fiscalía de Investigación de Delitos Sexuales FDS-3,Francisco del Paso y Troncoso esquina Fray Servando Teresa de Mier,S/N,S/N,Jardín Balbuena,Jardín Balbuena,15900,Alcaldía Venustiano Carranza,19.419833,-99.114026,Lunes a Domingo,00:00:00,23:59:00,53455832,53455830,NA,NA
FISCALÍA  GENERAL DE JUSTICIA,COORDINACIÓN TERRITORIAL,GUSTAVO A. MADERO,Coordinación Territorial GAM-6,Francisco Novoa y Nezahualcóyotl,S/N,S/N,Aragón La Villa,Aragón La Villa,07000,Entre Nezahualcóyotl y Malintzin,19.477371,-99.112704,Lunes a Domingo,00:00:00,23:59:00,53468944,53468946,NA,NA
FISCALÍA  GENERAL DE JUSTICIA,FISCALÍA ESPECIALIZADA,CUAUHTEMOC,"Fiscalía Especializada en la Búsqueda, Localización e Investigación de Personas Desaparecidas",Isabel la Católica,185,S/N,Obrera,Obrera,06800,NA,19.421777,-99.138048,Lunes a Domingo,00:00:00,23:59:00,5553455080,5553455082,NA,NA
FISCALÍA  GENERAL DE JUSTICIA,COORDINACIÓN TERRITORIAL,TLALPAN,Coordinación Territorial TLP-2 y TLP-3,Jojutla y Mariano Matamoros,S/N,S/N,Tlalpan Centro,Tlalpan Centro,14000,Paralela a Calzada de Tlalpan,19.283602,-99.165646,Lunes a Domingo,09:00:00,19:00:00,52009336,52009310,NA,NA
FISCALÍA  GENERAL DE JUSTICIA,UNIDAD DE ATENCIÓN TEMPRANA,CUAUHTEMOC,Coordinación Territorial CUH-2,Juan Aldama y Luis Donaldo Colosio,S/N,S/N,Buenavista,Buenavista,06350,A espaldas de la Alcaldía Cuauhtémoc,19.441607,-99.151458,Lunes a Domingo,00:00:00,23:59:00,53468190,53468121,NA,NA
FISCALÍA  GENERAL DE JUSTICIA,UNIDAD DE ATENCIÓN TEMPRANA,MIGUEL HIDALGO,Coordinación Territorial MH-2,Lago Erne y Lago Kolind,56,S/N,Pensil Norte,Pensil Norte,11430,Esquina Lago Trasimeno,19.449577,-99.194556,Lunes a Domingo,00:00:00,23:59:00,53468259,NA,NA,NA
FISCALÍA  GENERAL DE JUSTICIA,UNIDAD DE ATENCIÓN TEMPRANA,TLAHUAC,Coordinación Territorial TLH-1,Leandro Valle entre Piraña y Langosta,S/N,S/N,Del Mar,Del Mar,13270,"A un costado de la Universidad Marista, dentro del depósito vehicular",19.282588,-99.064506,Lunes a Domingo,00:00:00,23:59:00,53455700,53455857,NA,NA
FISCALÍA  GENERAL DE JUSTICIA,CENTRO DE JUSTICIA PARA LAS MUJERES,TLALPAN,Centro De Justicia Para Mujeres en Tlalpan,Manuel Constanso,Mzn. 43,Lt. 10,Miguel Hidalgo,Miguel Hidalgo 1a Sección,14260,NA,19.285006,-99.190567,Lunes a Domingo,00:00:00,23:59:00,52005070,52005073,NA,NA
FISCALÍA  GENERAL DE JUSTICIA,COORDINACIÓN TERRITORIAL,MIGUEL HIDALGO,Coordinación Territorial MH-3,Monte Altai y Avenida de los Alpes,S/N,S/N,Lomas De Chapultepec,Lomas De Chapultepec I Sección,11000,Cerca de la Iglesia de la Covadonga,19.426977,-99.210041,Lunes a Domingo,09:00:00,19:00:00,53468270,NA,NA,NA
FISCALÍA  GENERAL DE JUSTICIA,COORDINACIÓN TERRITORIAL,TLAHUAC,Coordinación Territorial TLH-2,Nicolás Bravo esq. Cuitláhuac,S/N,S/N,Barrio La Asunción,La Asunción,13000,A un costado de la Alcaldía Tláhuac,19.270601,-99.00426,Lunes a Domingo,09:00:00,19:00:00,53455700,53455857,NA,NA
FISCALÍA  GENERAL DE JUSTICIA,UNIDAD DE ATENCIÓN TEMPRANA,TLALPAN,Coordinación Territorial TLP-4,Periférico Sur esquina Canal Nacional,S/N,S/N,Granjas Coapa,Granjas Coapa,14330,"Mercado de las Flores de Cuemanco, a un costado de la U. H. Infonavit",19.295361,-99.102027,Lunes a Domingo,00:00:00,23:59:00,52009342,52009319,NA,NA
FISCALÍA  GENERAL DE JUSTICIA,FISCALÍA ESPECIALIZADA,CUAUHTEMOC,Agencia del Ministerio Público Especializada en Atención a Usuarios del STCM Pino Suárez,Plaza Pino Suárez,S/N,S/N,Centro,Centro (Área 1),06000,A la salida del Metro Pino Suárez,19.424206,-99.132823,Lunes a Viernes,09:00:00,19:00:00,53466578,NA,NA,NA
FISCALÍA  GENERAL DE JUSTICIA,FISCALÍA ESPECIALIZADA,CUAUHTEMOC,Agencia del Ministerio Público Especializada en Atención a Personas Indígenas,República de Brasil,S/N,S/N,Centro,Centro (Área 1),06000,En la Plaza Santa Catarina,19.441341,-99.133083,Lunes a Domingo,00:00:00,23:59:00,53466577,NA,NA,NA
FISCALÍA  GENERAL DE JUSTICIA,COORDINACIÓN TERRITORIAL,CUAUHTEMOC,Coordinación Territorial CUH-4,República de Paraguay,35,S/N,Centro (Área 3),Centro (Área 3),06020,Esquina con Calle Republica de Brasil,19.441696,-99.133663,Lunes a Domingo,09:00:00,19:00:00,53468737,53468701,NA,NA
FISCALÍA  GENERAL DE JUSTICIA,COORDINACIÓN TERRITORIAL,COYOACAN,Coordinación Territorial Coy-4,Rey Tepalcanzin y Chichimecas,S/N,S/N,Ajusco,Ajusco,04300,Entre Tepalcatzin y Meconetzin,19.319616,-99.158924,Lunes a Domingo,09:00:00,19:00:00,5552009363,NA,NA,NA
FISCALÍA  GENERAL DE JUSTICIA,FISCALÍA ESPECIALIZADA,CUAUHTEMOC,Fiscalía Especializada para la Investigación para el Delito de Feminicidio,Río de la Loza,156,Piso 1,Doctores,Doctores,06720,Cerca Metro Balderas,19.425239,-99.148579,Lunes a Domingo,00:00:00,23:59:00,53455965,53455977,NA,NA
FISCALÍA  GENERAL DE JUSTICIA,COORDINACIÓN TERRITORIAL,VENUSTIANO CARRANZA,Coordinación Territorial VC-1,San Ciprián esquina General Anaya,S/N,S/N,Merced Balbuena,Merced Balbuena,15810,Metro Candelaria (Línea 1),19.427172,-99.121879,Lunes a Domingo,09:00:00,19:00:00,53456690,NA,NA,NA
FISCALÍA  GENERAL DE JUSTICIA,CENTRO DE JUSTICIA PARA LAS MUJERES,AZCAPOTZALCO,Centro de Justicia para Mujeres en Azcapotzalco,San Pablo Xalpa,396,S/N,San Martín Xochinahuac,San Martín Xochinahuac,02120,NA,19.501237,-99.184282,Lunes a Domingo,00:00:00,23:59:00,5553468394,53468310,NA,NA
FISCALÍA  GENERAL DE JUSTICIA,COORDINACIÓN TERRITORIAL,CUAUHTEMOC,Coordinación Territorial CUH-5,Santa María la Ribera,35,S/N,Santa María La Ribera,Santa María La Ribera,06400,Cerca metro San Cosme,19.442797,-99.157951,Lunes a Domingo,09:00:00,19:00:00,53468733,53468732,NA,NA
FISCALÍA  GENERAL DE JUSTICIA,UNIDAD DE ATENCIÓN TEMPRANA,IZTACALCO,Coordinación Territorial IZC-2 y IZC-3,Sur 157,S/N,S/N,Gabriel Ramos Millán,Gabriel Ramos Millán Sección Bramadero,08000,"Esquina con Avenida Té, Frente a la Alcaldía Iztacalco",19.396096,-99.095064,Lunes a Domingo,00:00:00,23:59:00,52009422,NA,NA,NA
FISCALÍA  GENERAL DE JUSTICIA,FISCALÍA ESPECIALIZADA,COYOACAN,Agencia del Ministerio Público Especializada en Atención a Personas Integrantes de la Comunidad LGBTTTI (Coyoacán),Tecualipan,S/N,S/N,Romero De Terreros,Romero De Terreros,04310,NA,19.344159,-99.166694,Lunes a Domingo,09:00:00,19:00:00,52009365,NA,NA,NA
FISCALÍA  GENERAL DE JUSTICIA,UNIDAD DE ATENCIÓN TEMPRANA,COYOACAN,Coordinación Territorial Coy-1 y Coy-2,Zompantitla esq. Tecualiapan,S/N,S/N,Romero De Terreros,Romero De Terreros,04310,A una calle de Miguel Ángel de Quevedo,19.344385,-99.166843,Lunes a Domingo,00:00:00,23:59:00,5552009385,NA,NA,NA
SECRETARÍA  DE LAS MUJERES,MÓDULO ABOGADAS DE LAS MUJERES,GUSTAVO A. MADERO,Módulo Abogadas de las Mujeres GAM 4,5 de febrero  y Vicente Villada,S/N,S/N,Aragón La Villa,Aragón La Villa,07000,En el interior de la Agencia del Ministerio Público,19.482231,-99.112976,Lunes a Domingo,08:00:00,21:00:00,55122772,22122836,NA,NA
SECRETARÍA  DE LAS MUJERES,MÓDULO ABOGADAS DE LAS MUJERES,GUSTAVO A. MADERO,Módulo Abogadas de las Mujeres GAM 2,5 De Febrero y Vicente Villada,S/N,S/N,Ampliación San Juan De Aragón,Ampliación San Juan De Aragón,07470,En el interior de la Agencia del Ministerio Público,19.475739,-99.107299,Lunes a Domingo,08:00:00,21:00:00,55122772,22122836,NA,NA
SECRETARÍA  DE LAS MUJERES,MÓDULO ABOGADAS DE LAS MUJERES,LA MAGDALENA CONTRERAS,Módulo Abogadas de las Mujeres MC 2,Álvaro Obregón,20,S/N,Barranca Seca,Barranca Seca,10580,En el interior de la Agencia del Ministerio Público,19.304676,-99.241899,Lunes a Domingo,08:00:00,21:00:00,55122772,22122836,NA,NA
SECRETARÍA  DE LAS MUJERES,MÓDULO ABOGADAS DE LAS MUJERES,CUAUHTEMOC,Módulo Abogadas de las Mujeres CUH 7,Álvaro Obregón esquina Valladolid,269,S/N,Roma Norte,Roma Norte,06700,En el interior de la Agencia del Ministerio Público,19.417048,-99.167372,Lunes a Domingo,08:00:00,21:00:00,55122772,22122836,NA,NA
SECRETARÍA  DE LAS MUJERES,MÓDULO ABOGADAS DE LAS MUJERES,CUAUHTEMOC,Módulo Abogadas de las Mujeres FDS1,Amberes,54,S/N,Juárez,Juárez,06600,En el interior de la Agencia del Ministerio Público,19.425231,-99.16496,Lunes a Domingo,08:00:00,21:00:00,55122772,22122836,NA,NA
SECRETARÍA  DE LAS MUJERES,MÓDULO ABOGADAS DE LAS MUJERES,COYOACAN,Módulo Abogadas de las Mujeres COY 3,Apaches Esq. Eje 3 Oriente,S/N,S/N,San Francisco Culhuacán Barrio De San Francisco,San Francisco Culhuacán Barrio De San Francisco,04260,En el interior de la Agencia del Ministerio Público,19.334354,-99.11372,Lunes a Domingo,08:00:00,21:00:00,55122772,22122836,NA,NA
SECRETARÍA  DE LAS MUJERES,LUNA,AZCAPOTZALCO,Azcapotzalco - Marcela Lagarde,Avenida 22 de Febrero,421,S/N,Barrio De San Marcos,Barrio De San Marcos,02020,C.P. 02260,19.487457,-99.181712,Lunes a Viernes De 09:00 a 17:00 <br><br> Sábados:<br> Atención de primera vez.,09:00:00,15:00:00,5517160998,5517160848,5551600776,NA
SECRETARÍA  DE LAS MUJERES,MÓDULO ABOGADAS DE LAS MUJERES,GUSTAVO A. MADERO,Módulo Abogadas de las Mujeres GAM 5,Avenida 416 y Loreto  Favela,S/N,S/N,San Juan De Aragón 7a Sección,San Juan De Aragón 7a Sección,07910,En el interior de la Agencia del Ministerio Público,19.47296,-99.078476,Lunes a Domingo,08:00:00,21:00:00,55122772,22122836,NA,NA
SECRETARÍA  DE LAS MUJERES,MÓDULO ABOGADAS DE LAS MUJERES,MILPA ALTA,Módulo Abogadas de las Mujeres MIL 2,Avenida 5 de mayo esquina Prolongación Zaragoza,S/N,S/N,Xaltipac,Xaltipac,12100,En el interior de la Agencia del Ministerio Público,19.217193,-98.988661,Lunes a Domingo,08:00:00,21:00:00,55122772,22122836,NA,NA
SECRETARÍA  DE LAS MUJERES,MÓDULO ABOGADAS DE LAS MUJERES,GUSTAVO A. MADERO,Módulo Abogadas de las Mujeres GAM 7 Y 8,Avenida 661,S/N,S/N,San Juan De Aragón,San Juan De Aragón,07920,En el interior de la Agencia del Ministerio Público,19.455023,-99.060064,Lunes a Domingo,08:00:00,21:00:00,55122772,22122836,NA,NA
SECRETARÍA  DE LAS MUJERES,MÓDULO ABOGADAS DE LAS MUJERES,VENUSTIANO CARRANZA,Módulo Abogadas de las Mujeres VC 4 Y 5,Avenida Circunvalación y antiguo cause de río churubusco,S/N,S/N,Arenal 1a Sección,Arenal 1a Sección,15600,En el interior de la Agencia del Ministerio Público,19.424538,-99.067081,Lunes a Domingo,08:00:00,21:00:00,55122772,22122836,NA,NA
SECRETARÍA  DE LAS MUJERES,MÓDULO ABOGADAS DE LAS MUJERES,AZCAPOTZALCO,Módulo Abogadas de las Mujeres AZC 1 Y 3,Avenida De las Culturas y Eje 5 Norte,S/N,S/N,El Rosario,El Rosario,02120,En el interior de la Agencia del Ministerio Público,19.510251,-99.190692,Lunes a Domingo,08:00:00,21:00:00,55122772,22122836,NA,NA
SECRETARÍA  DE LAS MUJERES,MÓDULO ABOGADAS DE LAS MUJERES,IZTAPALAPA,Módulo Abogadas de las Mujeres IZP 2,Avenida Ermita Iztapalapa y Callejón de Circunvalación,S/N,S/N,Barrio Santa Bárbara,Barrio Santa Bárbara,09000,En el interior de la Agencia del Ministerio Público,19.356413,-99.10662,Lunes a Domingo,08:00:00,21:00:00,55122772,22122836,NA,NA
SECRETARÍA  DE LAS MUJERES,MÓDULO ABOGADAS DE LAS MUJERES,IZTAPALAPA,Módulo Abogadas de las Mujeres IZP 9 Y 10,Avenida Ermita Iztapalapa y Zacatepec,S/N,S/N,Paraje Zacatepec,Paraje Zacatepec,09560,En el interior de la Agencia del Ministerio Público,19.353424,-99.013309,Lunes a Domingo,08:00:00,21:00:00,55122772,22122836,NA,NA
SECRETARÍA  DE LAS MUJERES,LUNA,GUSTAVO A. MADERO,Gustavo A. Madero - Nahui Olín - La Villa,Avenida Fray Juan de Zumárraga,S/N,S/N,Aragón La Villa,Aragón La Villa,07050,"Esquina con Aquiles Serdán, C.P. 07050",19.483413,-99.117027,Lunes a Viernes De 09:00 a 17:00 <br><br> Sábados:<br> Atención de primera vez y Asesoría jurídica.,09:00:00,15:00:00,5557814339,5589147707,5589147702,NA
SECRETARÍA  DE LAS MUJERES,MÓDULO ABOGADAS DE LAS MUJERES,MILPA ALTA,Módulo Abogadas de las Mujeres MIL 1,Avenida Jalisco esquina Avenida México,S/N,S/N,Villa Milpa Alta,Villa Milpa Alta,12000,En el interior de la Agencia del Ministerio Público,19.191986,-99.024217,Lunes a Domingo,08:00:00,21:00:00,55122772,22122836,NA,NA
SECRETARÍA  DE LAS MUJERES,LUNA,MIGUEL HIDALGO,Miguel Hidalgo - Frida Kahlo - Observatorio,Avenida Observatorio,S/N,S/N,Daniel Garza.,Daniel Garza.,11830,"Esquina General José María Mendivil, C.P. 11830",19.402676,-99.199262,Lunes a Viernes De 09:00 a 17:00 <br><br> Sábados:<br> Atención de primera vez y Asesoría jurídica.,09:00:00,15:00:00,5517156328,5517156318,NA,NA
SECRETARÍA  DE LAS MUJERES,LUNA,MIGUEL HIDALGO,Miguel Hidalgo - Frida Kahlo - Parque Lira (En remodelación),Avenida Parque Lira,128,S/N,Ampliación Daniel Garza.,Ampliación Daniel Garza.,11840,C.P. 11800,19.405702,-99.188785,En remodelación. Sin atención por el momento,09:00:00,17:00:00,5552722630,5591347709,5526142564,NA
SECRETARÍA  DE LAS MUJERES,LUNA,MILPA ALTA,Milpa Alta - Cihual In Calli - Calmecac,Avenida Puebla,250,S/N,Villa Milpa Alta Centro,Villa Milpa Alta Centro,12000,"Esquina Calle Constitución (arriba del mercado Benito Juárez), C.P. 12000",19.191124,-99.021452,Lunes a Viernes De 09:00 a 17:00 <br><br> Sábados:<br> Atención de primera vez y Asesoría jurídica.,09:00:00,15:00:00,5525807821,5515491500,NA,NA
SECRETARÍA  DE LAS MUJERES,MÓDULO DE ATENCIÓN VIAJA SEGURA,BENITO JUAREZ,Módulo de Atención Viaja Segura Mixcoac,Avenida Revolución y Eje 7 Sur Extremadura y Benvenuto Cellin,S/N,linea 12 dentro del pasillo de las oficinas de metro,Insurgentes Mixcoac,Insurgentes Mixcoac,03920,En el interior de la Estación del Metro Mixcoac línea 12,19.375309,-99.186792,Lunes a Viernes,08:00:00,16:00:00,55122772,22122836,NA,NA
SECRETARÍA  DE LAS MUJERES,LUNA,COYOACAN,Coyoacán - Tina Modotti - Huayamilpas,Avenida Rey Nezahualcóyotl,S/N,S/N,Ajusco Huayamilpas,Ajusco Huayamilpas,04390,"Esquina Yaquis al interior del parque ecológico huayamilpas, C.P. 04300",19.323106,-99.150349,Lunes a Viernes,09:00:00,17:00:00,5591300793,5517357469,5517357467,NA
SECRETARÍA  DE LAS MUJERES,MÓDULO ABOGADAS DE LAS MUJERES,IZTAPALAPA,Módulo Abogadas de las Mujeres IZP 3,Avenida Rio Churubusco esquina Hualquila,S/N,Interior central de Abastos,Central De Abastos,Central De Abastos,09040,En el interior de la Agencia del Ministerio Público,19.373475,-99.096016,Lunes a Domingo,08:00:00,21:00:00,55122772,22122836,NA,NA
SECRETARÍA  DE LAS MUJERES,MÓDULO ABOGADAS DE LAS MUJERES,LA MAGDALENA CONTRERAS,Módulo Abogadas de las Mujeres MC 1,Avenida San Jéronimo esquina Soledad,2625,S/N,Ampliación Potrerillo,Ampliación Potrerillo,10368,En el interior de la Agencia del Ministerio Público,19.309895,-99.259451,Lunes a Domingo,08:00:00,21:00:00,55122772,22122836,NA,NA
SECRETARÍA  DE LAS MUJERES,LUNA,IZTACALCO,Iztacalco - Coatlicue - Santiago,Avenida Santiago,S/N,S/N,Barrio Santiago Sur,Barrio Santiago Sur,08800,"Esquina Playa Rosarito, dentro del centro social Josefina Díaz, C.P. 08800",19.390466,-99.12542,Lunes a Viernes,09:00:00,17:00:00,5555797382,5511049226,5520632369,NA
SECRETARÍA  DE LAS MUJERES,LUNA,IZTACALCO,Iztacalco - Coatlicue -  Agrícola Oriental,Avenida Sur 8,S/N,S/N,Agrícola Oriental,Agrícola Oriental,08500,"Casi esquina con Av. Javier Rojo Gómez, (atrás del deportivo Leandro Valle), C.P. 08500",19.400197,-99.073393,Lunes a Viernes De 09:00 a 17:00 <br><br> Sábados:<br> Atención de primera vez.,09:00:00,15:00:00,5521554430,5522354614,NA,NA
SECRETARÍA  DE LAS MUJERES,MÓDULO ABOGADAS DE LAS MUJERES,ALVARO OBREGON,Módulo Abogadas de las Mujeres AO 3 Y 4,Avenida Toluca,10,S/N,Progreso Tizapan,Progreso Tizapan,01080,En el interior de la Agencia del Ministerio Público,19.339869,-99.201639,Lunes a Domingo,08:00:00,21:00:00,5555122836,22122836,NA,NA
SECRETARÍA  DE LAS MUJERES,LUNA,MILPA ALTA,Milpa Alta - Cihual In Calli - Mercado,Avenida Yucatán Sur,S/N,S/N,Villa Milpa Alta Centro,Villa Milpa Alta Centro,12000,"Interior de la Casa de Cultura CALMECAC, C.P. 12000",19.198115,-99.031066,Lunes a Viernes,09:00:00,17:00:00,5558446148,5515491512,NA,NA
SECRETARÍA  DE LAS MUJERES,MÓDULO ABOGADAS DE LAS MUJERES,AZCAPOTZALCO,Módulo Abogadas de las Mujeres AZC 2 Y 4,Avenida22 de febrero esquina Castilla Oriente,S/N,S/N,Del Maestro,Del Maestro,02040,En el interior de la Agencia del Ministerio Público,19.483823,-99.182736,Lunes a Domingo,08:00:00,21:00:00,55122772,22122836,NA,NA
SECRETARÍA  DE LAS MUJERES,MÓDULO ABOGADAS DE LAS MUJERES,IZTAPALAPA,Módulo Abogadas de las Mujeres IZP 1 Y 4,Avenida 5 de Mayo y Callejón Victoria,S/N,S/N,Barrio San Lucas,Barrio San Lucas,09000,En el interior de la Agencia del Ministerio Público,19.361133,-99.093631,Lunes a Domingo,08:00:00,21:00:00,55122772,22122836,NA,NA
SECRETARÍA  DE LAS MUJERES,MÓDULO DE ATENCIÓN VIAJA SEGURA,CUAUHTEMOC,Módulo de Atención Viaja Segura Balderas,Avenida Arcos de Belén  y avenida Niños Héroes,S/N,pasillo linea 3 salida hacia Arcos de Belem,Doctores,Doctores,06720,En el interior de la Estación del Metro Balderas a un lado del Módulo de Atención al usuario del STC,19.427045,-99.148779,Lunes a Viernes,08:00:00,16:00:00,55122772,22122836,NA,NA
SECRETARÍA  DE LAS MUJERES,MÓDULO ABOGADAS DE LAS MUJERES,IZTACALCO,Módulo Abogadas de las Mujeres IZC 1,Avenida Congreso de la Unión y Canal Nacional,S/N,S/N,Santa Anita,Santa Anita,08300,En el interior de la Agencia del Ministerio Público,19.403015,-99.121323,Lunes a Domingo,08:00:00,21:00:00,55122772,22122836,NA,NA
SECRETARÍA  DE LAS MUJERES,MÓDULO ABOGADAS DE LAS MUJERES,BENITO JUAREZ,Módulo Abogadas de las Mujeres BJ 3 Y 4,Avenida Cuauhtémoc esquina Obrero Mundial,S/N,S/N,Narvarte,Narvarte,03020,En el interior de la Agencia del Ministerio Público,19.401592,-99.155272,Lunes a Domingo,08:00:00,21:00:00,55122772,22122836,NA,NA
SECRETARÍA  DE LAS MUJERES,MÓDULO ABOGADAS DE LAS MUJERES,BENITO JUAREZ,Módulo Abogadas de las Mujeres BJ 1 Y 2,Avenida División del Norte,1611,S/N,Santa Cruz Atoyac,Santa Cruz Atoyac,03310,En el interior de la Agencia del Ministerio Público,19.372604,-99.157919,Lunes a Domingo,08:00:00,21:00:00,55122772,22122836,NA,NA
SECRETARÍA  DE LAS MUJERES,MÓDULO DE ATENCIÓN VIAJA SEGURA,CUAUHTEMOC,Módulo de Atención Viaja Segura Pino Suárez,Avenida José María Izazaga y Pino Suárez,S/N,pasillo de correspondencia linea 1 hacia linea 2,Centro,Centro,06080,En el interior de la Estación del Metro Pino Suárez frente a la Pirámide.,19.425313,-99.13276,Lunes a Viernes,08:00:00,16:00:00,55122772,22122836,NA,NA
SECRETARÍA  DE LAS MUJERES,MÓDULO ABOGADAS DE LAS MUJERES,CUAUHTEMOC,Módulo Abogadas de las Mujeres para Trámite de Medidas de Protección,Avenida Morelos,20,primer piso,Centro,Centro,06000,Primer piso de las Oficinas Centrales de la SEMUJERES,19.432127,-99.148883,Lunes a Domingo,00:00:00,23:59:00,55122772,22122836,NA,NA
SECRETARÍA  DE LAS MUJERES,MÓDULO ABOGADAS DE LAS MUJERES,IZTACALCO,Módulo Abogadas de las Mujeres IZC 2 Y 3,"Avenida Té, esquina Sur 157",S/N,S/N,Gabriel Ramos Millán,Gabriel Ramos Millán,08730,En el interior de la Agencia del Ministerio Público,19.396241,-99.095158,Lunes a Domingo,08:00:00,21:00:00,55122772,22122836,NA,NA
SECRETARÍA  DE LAS MUJERES,MÓDULO ABOGADAS DE LAS MUJERES,ALVARO OBREGON,Módulo Abogadas de las Mujeres FDS2,"Avenida Toluca, esquina Avenida México",S/N,S/N,Progreso,Progreso,01080,En el interior de la Agencia del Ministerio Público,19.339796,-99.201587,Lunes a Domingo,08:00:00,21:00:00,55122772,22122836,NA,NA
SECRETARÍA  DE LAS MUJERES,MÓDULO ABOGADAS DE LAS MUJERES,IZTAPALAPA,Módulo Abogadas de las Mujeres IZP 8,Avenida Zacatlán,Mz 4,Lt 20,Lomas De San Lorenzo,Lomas De San Lorenzo,09780,En el interior de la Agencia del Ministerio Público,19.313004,-99.064478,Lunes a Domingo,08:00:00,21:00:00,55122772,22122836,NA,NA
SECRETARÍA  DE LAS MUJERES,MÓDULO ABOGADAS DE LAS MUJERES,ALVARO OBREGON,Módulo Abogadas de las Mujeres AO 1 Y 2,Batallón de San Patricio y Escuadrón 201,S/N,S/N,Cristo Rey,Cristo Rey,01150,En el interior de la Agencia del Ministerio Público,19.389541,-99.200551,Lunes a Domingo,08:00:00,21:00:00,55122772,22122836,NA,NA
SECRETARÍA  DE LAS MUJERES,MÓDULO ABOGADAS DE LAS MUJERES,VENUSTIANO CARRANZA,Módulo Abogadas de las Mujeres VC2,Bulevar Puerto Aéreo esquina norte 13,S/N,S/N,Moctezuma 2da. Sección,Moctezuma 2da. Sección,15530,En el interior de la Agencia del Ministerio Público,19.425822,-99.093464,Lunes a Domingo,08:00:00,21:00:00,55122772,22122836,NA,NA
SECRETARÍA  DE LAS MUJERES,LUNA,ALVARO OBREGON,Álvaro Obregón - Alaíde Foppa - Preconcreto,Calle 22,S/N,S/N,Preconcreto,Preconcreto,01400,"Esq. Calle 17, C.P. 1400",19.374368,-99.211042,Lunes a Viernes De 09:00 a 17:00 <br><br> Sábados:<br> Atención de primera vez y Asesoría jurídica.,09:00:00,15:00:00,5518577510,5558016556,5518577513,NA
SECRETARÍA  DE LAS MUJERES,MÓDULO ABOGADAS DE LAS MUJERES,IZTAPALAPA,Módulo Abogadas de las Mujeres IZP 6,Calle 3 y Avenida Telecomunicaciones,S/N,S/N,Tepalcates,Tepalcates,09210,En el interior de la Agencia del Ministerio Público,19.381703,-99.041574,Lunes a Domingo,08:00:00,21:00:00,55122772,22122836,NA,NA
SECRETARÍA  DE LAS MUJERES,MÓDULO DE ATENCIÓN VIAJA SEGURA,CUAUHTEMOC,Módulo de Atención Viaja Segura Hidalgo,Calle Balderas esquina  Paseo a la Reforma (Cinemas Cine México),S/N,pasillo de salida linea 2 hacia avenida rosales,Centro,Centro,06000,"En el interior de la Estación del Metro Hidalgo, en el interior de la Agencia del Ministerio Público",19.43669,-99.147188,Lunes a Viernes,08:00:00,16:00:00,55122772,22122836,NA,NA
SECRETARÍA  DE LAS MUJERES,LUNA,CUAUHTEMOC,Cuauhtémoc - Juana de Asbaje - Alcaldía,Calle Mina y Juan Aldama,S/N,S/N,Buenavista.,Buenavista.,06350,"Esquina con Juan Aldama, Sótano Edificio de la Alcaldía,C.P. 06350",19.441077,-99.151789,Lunes a Viernes De 09:00 a 17:00 <br><br> Sábados:<br> Atención de primera vez y Asesoría jurídica.,09:00:00,15:00:00,5591315945,NA,NA,NA
SECRETARÍA  DE LAS MUJERES,LUNA,LA MAGDALENA CONTRERAS,Magdalena Contreras - Cristina Pacheco,Calle Piaztic,S/N,S/N,San José Atacaxco,San José Atacaxco,10378,"Centro Social Atacaxco (frente a secundaria No. 262), C.P. 10378",19.31531,-99.24854,Lunes a Viernes De 09:00 a 17:00 <br><br> Sábados:<br> Atención de primera vez y Asesoría jurídica.,09:00:00,15:00:00,5550853852,5550083851,5550853832,NA
SECRETARÍA  DE LAS MUJERES,MÓDULO ABOGADAS DE LAS MUJERES,TLALPAN,Módulo Abogadas de las Mujeres TLP 4,Calle Tetenco,9,S/N,San Miguel Topilejo,San Miguel Topilejo,14500,Dentro Sector SSC de Topilejo,19.197839,-99.144087,Lunes a Domingo,08:00:00,21:00:00,55122772,22122836,NA,NA
SECRETARÍA  DE LAS MUJERES,LUNA,GUSTAVO A. MADERO,Gustavo A. Madero - Nahui Olín - La Joyita,Camellón de Oriente 95 y Norte 50,S/N,S/N,La Joyita,La Joyita,07860,C.P. 07860,19.464081,-99.117614,Lunes a Viernes,09:00:00,17:00:00,5550351300,5557595030,NA,NA
SECRETARÍA  DE LAS MUJERES,LUNA,TLALPAN,Tlalpan - Yaocíhuatl - Santa Úrsula,Camino a Santa Úrsula,24,S/N,Santa Úrsula Xitla.,Santa Úrsula Xitla.,14420,"Esquina Textitlán, C.P. 14420",19.280981,-99.178162,Lunes a Viernes,09:00:00,17:00:00,5517076591,NA,NA,NA
SECRETARÍA  DE LAS MUJERES,LUNA,IZTAPALAPA,Iztapalapa - Elena Poniatowska,Camino Cerro de la Estrella,S/N,S/N,El Santuario,El Santuario,09820,"Centro Social Villa Estrella, Módulo 4, C.P. 09009",19.351692,-99.091936,Lunes a Viernes De 09:00 a 17:00 <br><br> Sábados:<br> Atención de primera vez y Asesoría jurídica.,09:00:00,15:00:00,5591310545,5522361593,5522361595,NA
SECRETARÍA  DE LAS MUJERES,MÓDULO ABOGADAS DE LAS MUJERES,IZTAPALAPA,Módulo Abogadas de las Mujeres IZP 5,Campaña del Ébano y Revolución Social,S/N,S/N,Vicente Guerrero,Vicente Guerrero,09200,En el interior de la Agencia del Ministerio Público,19.35336,-99.053922,Lunes a Domingo,08:00:00,21:00:00,55122772,22122836,NA,NA
SECRETARÍA  DE LAS MUJERES,MÓDULO ABOGADAS DE LAS MUJERES,COYOACAN,Módulo Abogadas de las Mujeres COY 5,Candelaria Pérez y Laura Méndez de Cuenca,S/N,S/N,Ctm-Culhuacán,Ctm-Culhuacán,04480,En el interior de la Agencia del Ministerio Público,19.319539,-99.100917,Lunes a Domingo,08:00:00,21:00:00,55122772,22122836,NA,NA
SECRETARÍA  DE LAS MUJERES,LUNA,TLALPAN,Tlalpan - Yaocíhuatl - La Joya,Carretera Federal a Cuernavaca,2,S/N,La Joya,La Joya,14090,C.P. 14090,19.278027,-99.167431,Lunes a Viernes De 09:00 a 17:00 <br><br> Sábados:<br> Atención de primera vez.,09:00:00,15:00:00,5517076599,NA,NA,NA
SECRETARÍA  DE LAS MUJERES,MÓDULO ABOGADAS DE LAS MUJERES,TLALPAN,Módulo Abogadas de las Mujeres TLP 1,Carretera Panorámica al Ajusco,KM 5.5,S/N,Ampliación Miguel Hidalgo,Ampliación Miguel Hidalgo,14250,En el interior de la Agencia del Ministerio Público,19.271351,-99.20588,Lunes a Domingo,08:00:00,21:00:00,55122772,22122836,NA,NA
SECRETARÍA  DE LAS MUJERES,MÓDULO ABOGADAS DE LAS MUJERES,CUAJIMALPA DE MORELOS,Módulo Abogadas de las Mujeres CUJ 1 Y 2,Cerrada de Ramírez y Castillo Ledon,S/N,S/N,Cuajimalpa Centro,Cuajimalpa Centro,05000,En el interior de la Agencia del Ministerio Público,19.357668,-99.298283,Lunes a Domingo,08:00:00,21:00:00,55122772,22122836,NA,NA
SECRETARÍA  DE LAS MUJERES,MÓDULO ABOGADAS DE LAS MUJERES,GUSTAVO A. MADERO,Módulo Abogadas de las Mujeres GAM 3,Cerrada Sur de los 100 metros,S/N,S/N,Nueva Vallejo,Nueva Vallejo,07750,En el interior de la Agencia del Ministerio Público,19.484404,-99.144854,Lunes a Domingo,08:00:00,21:00:00,55122772,22122836,NA,NA
SECRETARÍA  DE LAS MUJERES,MÓDULO ABOGADAS DE LAS MUJERES,GUSTAVO A. MADERO,Módulo Abogadas de las Mujeres FDS4,"Cerrada Sur de los Cien Metros, esquina Eje Central",S/N,S/N,Nueva Vallejo,Nueva Vallejo,07750,En el interior de la Agencia del Ministerio Público,19.484394,-99.145026,Lunes a Domingo,08:00:00,21:00:00,55122772,22122836,NA,NA
SECRETARÍA  DE LAS MUJERES,MÓDULO ABOGADAS DE LAS MUJERES,COYOACAN,Módulo Abogadas de las Mujeres COY 4,Chichimecas y Rey Tepalcanzin,S/N,S/N,Ajusco,Ajusco,04300,En el interior de la Agencia del Ministerio Público,19.319735,-99.158908,Lunes a Domingo,08:00:00,21:00:00,55122772,22122836,NA,NA
SECRETARÍA  DE LAS MUJERES,MÓDULO ABOGADAS DE LAS MUJERES,CUAUHTEMOC,Módulo Abogadas de las Mujeres CUH 8,Chimalpopoca,100,S/N,Obrera,Obrera,06010,En el interior de la Agencia del Ministerio Público,19.422868,-99.137207,Lunes a Domingo,08:00:00,21:00:00,55122772,22122836,NA,NA
SECRETARÍA  DE LAS MUJERES,MÓDULO ABOGADAS DE LAS MUJERES,XOCHIMILCO,Módulo Abogadas de las Mujeres XO 1,Circuito Martínez  de Castro,S/N,S/N,San Mateo Jalpa,San Mateo Jalpa,16800,En el interior de la Agencia del Ministerio Público,19.236456,-99.127478,Lunes a Domingo,08:00:00,21:00:00,55122772,22122836,NA,NA
SECRETARÍA  DE LAS MUJERES,LUNA,XOCHIMILCO,Xochimilco - Laureana Wright González - San Cristóbal,Dalia,S/N,S/N,Barrio San Cristóbal,Barrio San Cristóbal,16080,"Plaza San Cristobal, C.P. 16080",19.261856,-99.105266,Lunes a Viernes De 09:00 a 17:00 <br><br> Sábados:<br> Asesoría jurídica.,09:00:00,15:00:00,5551616504,5522085571,5522085569,NA
SECRETARÍA  DE LAS MUJERES,MÓDULO DE ATENCIÓN VIAJA SEGURA,IZTACALCO,Módulo de Atención Viaja Segura Pantitlán,Eje 1 Norte Miguel Lebrija (acceso a STC linea 1),S/N,linea 1 pasillo de salida hacia CETRAM antes de los torniquetes,Col. Agrícola Pantitlán Y Adolfo López Mateos,Col. Agrícola Pantitlán Y Adolfo López Mateos,15690,"En el interior de la Estación del Metro Pantitlán, frente a torniquetes",19.414818,-99.072017,Lunes a Viernes,08:00:00,16:00:00,55122772,22122836,NA,NA
SECRETARÍA  DE LAS MUJERES,LUNA,BENITO JUAREZ,Benito Juárez - Benita Galeana - Eje 5 Sur,Eje 5 Sur Ramos Millán,95,S/N,Niños Héroes,Niños Héroes,03440,C.P. 03440,19.383468,-99.143634,Lunes a Viernes,09:00:00,17:00:00,5521244929,5515435988,5515435944,NA
SECRETARÍA  DE LAS MUJERES,LUNA,BENITO JUAREZ,Benito Juárez -Benita Galeana - Eje Central,Eje Central Lázaro Cárdenas,695,Piso 1,Narvarte Poniente,Narvarte Poniente,03020,C.P. 03020,19.39089,-99.146823,Lunes a Viernes De 09:00 a 17:00 <br><br> Sábados:<br> Asesoría jurídica.,09:00:00,15:00:00,5591800495,5555790206,5551600039,NA
SECRETARÍA  DE LAS MUJERES,MÓDULO ABOGADAS DE LAS MUJERES,GUSTAVO A. MADERO,Módulo Abogadas de las Mujeres GAM 1,Emiliano Zapata y Guadalupe Victoria,S/N,S/N,Cuautepec Barrio Bajo,Cuautepec Barrio Bajo,07200,En el interior de la Agencia del Ministerio Público,19.537507,-99.141277,Lunes a Domingo,08:00:00,21:00:00,55122772,22122836,NA,NA
SECRETARÍA  DE LAS MUJERES,MÓDULO ABOGADAS DE LAS MUJERES,GUSTAVO A. MADERO,Módulo Abogadas de las Mujeres GAM 6,Francisco  Novoa y Nezahualcóyotl Aragón,S/N,S/N,Aragón La Villa,Aragón La Villa,07000,En el interior de la Agencia del Ministerio Público,19.477322,-99.112715,Lunes a Domingo,08:00:00,21:00:00,55122772,22122836,NA,NA
SECRETARÍA  DE LAS MUJERES,MÓDULO ABOGADAS DE LAS MUJERES,VENUSTIANO CARRANZA,Módulo Abogadas de las Mujeres VC 3,Francisco del Paso y Troncoso esquina Fray Servando Teresa de Mier,S/N,S/N,Jardín Balbuena,Jardín Balbuena,15900,En el interior de la Agencia del Ministerio Público,19.419591,-99.114054,Lunes a Domingo,08:00:00,21:00:00,55122772,22122836,NA,NA
SECRETARÍA  DE LAS MUJERES,MÓDULO ABOGADAS DE LAS MUJERES,VENUSTIANO CARRANZA,Módulo Abogadas de las Mujeres FDS3,Francisco del Paso y Troncoso esquina Fray Servando Teresa de Mier,S/N,S/N,Jardín Balbuena,Jardín Balbuena,15900,En el interior de la Agencia del Ministerio Público,19.419806,-99.114156,Lunes a Domingo,08:00:00,21:00:00,55122772,22122836,NA,NA
SECRETARÍA  DE LAS MUJERES,LUNA,XOCHIMILCO,Xochimilco - Laureana Wright González - El Rosario,Francisco I. Madero,11,S/N,El Rosario,El Rosario,16070,C.P. 16070,19.261022,-99.099139,Lunes a Viernes,09:00:00,17:00:00,5552043009,5556751188,5522085517,5591549156
SECRETARÍA  DE LAS MUJERES,MÓDULO ABOGADAS DE LAS MUJERES,CUAUHTEMOC,Módulo Abogadas de las Mujeres FDS6,General  Gabriel Hernández,56,primer piso,Doctores,Doctores,06720,En el interior de la Agencia del Ministerio Público,19.424498,-99.147112,Lunes a Domingo,08:00:00,21:00:00,55122772,22122836,NA,NA
SECRETARÍA  DE LAS MUJERES,MÓDULO ABOGADAS DE LAS MUJERES,CUAUHTEMOC,Módulo Abogadas de las Mujeres Fiscalía de Procesos en Juzgados de lo Familiar,General Gabriel Hernández,56,cuarto piso,Doctores,Doctores,06720,En el interior de la Agencia del Ministerio Público,19.424059,-99.147631,Lunes a Domingo,08:00:00,21:00:00,55122772,22122836,NA,NA
SECRETARÍA  DE LAS MUJERES,MÓDULO ABOGADAS DE LAS MUJERES,CUAUHTEMOC,Módulo Abogadas de las Mujeres Fiscalía Especializada de personas adultas mayores víctimas de violencia familiar,General Gabriel Hernández,56,planta baja,Doctores,Doctores,06720,En el interior de la Agencia del Ministerio Público,19.424706,-99.147267,Lunes a Domingo,08:00:00,21:00:00,55122772,22122836,NA,NA
SECRETARÍA  DE LAS MUJERES,MÓDULO ABOGADAS DE LAS MUJERES,XOCHIMILCO,Módulo Abogadas de las Mujeres XO 2,Gladiola esquina Cuitláhuac,S/N,S/N,Barrio San Pedro,Barrio San Pedro,16090,En el interior de la Agencia del Ministerio Público,19.257507,-99.108353,Lunes a Domingo,08:00:00,21:00:00,55122772,22122836,NA,NA
SECRETARÍA  DE LAS MUJERES,MÓDULO ABOGADAS DE LAS MUJERES,TLALPAN,Módulo Abogadas de las Mujeres TLP 2 Y 3,Jojutla y Mariano Matamoros,S/N,S/N,Tlalpan Centro,Tlalpan Centro,14000,En el interior de la Agencia del Ministerio Público,19.283571,-99.165804,Lunes a Domingo,08:00:00,21:00:00,55122772,22122836,NA,NA
SECRETARÍA  DE LAS MUJERES,LUNA,CUAJIMALPA DE MORELOS,Cuajimalpa de Morelos - Amparo Ochoa - Castorena,José María Castorena,187,S/N,Cuajimalpa,Cuajimalpa,05000,C.P. 05500,19.356552,-99.294886,Lunes a Viernes De 09:00 a 17:00 <br><br> Sábados:<br> Atención de primera vez y Asesoría jurídica.,09:00:00,15:00:00,5591319552,5517355999,NA,NA
SECRETARÍA  DE LAS MUJERES,MÓDULO ABOGADAS DE LAS MUJERES,CUAUHTEMOC,Módulo Abogadas de las Mujeres CUH 2,Juan Aldama y Luis Donaldo Colosio,S/N,S/N,Buenavista,Buenavista,06350,En el interior de la Agencia del Ministerio Público,19.441533,-99.151502,Lunes a Domingo,08:00:00,21:00:00,55122772,22122836,NA,NA
SECRETARÍA  DE LAS MUJERES,MÓDULO ABOGADAS DE LAS MUJERES,MIGUEL HIDALGO,Módulo Abogadas de las Mujeres MH 2,Lago Erne y Lago Kolind,S/N,S/N,Pensil Norte,Pensil Norte,11430,En el interior de la Agencia del Ministerio Público,19.449512,-99.194594,Lunes a Domingo,08:00:00,21:00:00,55122772,22122836,NA,NA
SECRETARÍA  DE LAS MUJERES,MÓDULO ABOGADAS DE LAS MUJERES,TLAHUAC,Módulo Abogadas de las Mujeres TLH 1,Leandro Valle esquina Piraña y Langosta,S/N,S/N,Del Mar,Del Mar,13270,En el interior de la Agencia del Ministerio Público,19.282827,-99.064391,Lunes a Domingo,08:00:00,21:00:00,55122772,22122836,NA,NA
SECRETARÍA  DE LAS MUJERES,LUNA,COYOACAN,Coyoacán - Tina Modotti - Copilco,Leopoldo Salazar,S/N,S/N,Copilco El Alto,Copilco El Alto,04360,"Esquina con Carlos González peña, C.P. 04360",19.332732,-99.177175,Lunes a Viernes De 09:00 a 17:00 <br><br> Sábados:<br> Atención de primera vez y Asesoría jurídica.,09:00:00,15:00:00,5591548938,5556595587,5515454578,NA
SECRETARÍA  DE LAS MUJERES,MÓDULO ABOGADAS DE LAS MUJERES,MIGUEL HIDALGO,Módulo Abogadas de las Mujeres MH 1,Mar Arábigo esquina Avenida México Tacuba,S/N,S/N,Tacuba,Tacuba,11410,En el interior de la Agencia del Ministerio Público,19.458844,-99.185551,Lunes a Domingo,08:00:00,21:00:00,55122772,22122836,NA,NA
SECRETARÍA  DE LAS MUJERES,LUNA,TLAHUAC,Tláhuac - Rosario Castellanos,Margarita,5,S/N,Quiahuatla,Quiahuatla,13090,"Entre Geranio y Jacaranda, C.P. 13090",19.262666,-99.004112,Lunes a Viernes De 09:00 a 17:00 <br><br> Sábados:<br> Atención de primera vez y Asesoría jurídica.,09:00:00,15:00:00,5552668764,NA,NA,NA
SECRETARÍA  DE LAS MUJERES,MÓDULO ABOGADAS DE LAS MUJERES,MIGUEL HIDALGO,Módulo Abogadas de las Mujeres MH 3,Monte Altai y Avenida de los Alpes,S/N,S/N,Lomas De Chapultepec,Lomas De Chapultepec,11000,En el interior de la Agencia del Ministerio Público,19.427092,-99.210189,Lunes a Domingo,08:00:00,21:00:00,55122772,22122836,NA,NA
SECRETARÍA  DE LAS MUJERES,MÓDULO ABOGADAS DE LAS MUJERES,TLAHUAC,Módulo Abogadas de las Mujeres TLH 2,Nicolás Bravo esq. Cuitláhuac,S/N,S/N,Barrio La Asunción,Barrio La Asunción,13000,En el interior de la Agencia del Ministerio Público,19.270612,-99.004486,Lunes a Domingo,08:00:00,21:00:00,55122772,22122836,NA,NA
SECRETARÍA  DE LAS MUJERES,MÓDULO ABOGADAS DE LAS MUJERES,BENITO JUAREZ,Módulo Abogadas de las Mujeres BJ 5,Orinoco esquina  con Bretaña,S/N,S/N,Zacahuizco,Zacahuizco,03550,En el interior de la Agencia del Ministerio Público,19.373494,-99.140093,Lunes a Domingo,08:00:00,21:00:00,55122772,22122836,NA,NA
SECRETARÍA  DE LAS MUJERES,MÓDULO ABOGADAS DE LAS MUJERES,CUAUHTEMOC,Módulo Abogadas de las Mujeres CUH 3,Peralvillo,122,S/N,Morelos,Morelos,06200,En el interior de la Agencia del Ministerio Público,19.451474,-99.131376,Lunes a Domingo,08:00:00,21:00:00,55122772,22122836,NA,NA
SECRETARÍA  DE LAS MUJERES,MÓDULO ABOGADAS DE LAS MUJERES,TLALPAN,Módulo Abogadas de las Mujeres TLP 4,Periférico Sur esquina Canal Nacional,S/N,S/N,Granjas Coapa,Granjas Coapa,14330,En el interior de la Agencia del Ministerio Público,19.295272,-99.102153,Lunes a Domingo,08:00:00,21:00:00,55122772,22122836,NA,NA
SECRETARÍA  DE LAS MUJERES,MÓDULO ABOGADAS DE LAS MUJERES,MIGUEL HIDALGO,Módulo Abogadas de las Mujeres MH 4 Y 5,Privada  General  Sostenes  Rocha esquina Cerrada de las Huertas,S/N,S/N,Ampliación Daniel Garza,Ampliación Daniel Garza,11840,En el interior de la Agencia del Ministerio Público,19.406897,-99.191727,Lunes a Domingo,08:00:00,21:00:00,55122772,22122836,NA,NA
SECRETARÍA  DE LAS MUJERES,LUNA,CUAJIMALPA DE MORELOS,Cuajimalpa de Morelos - Amparo Ochoa - Contadero,Prolongación  16 de Septiembre,S/N,S/N,Contadero,Contadero,05500,"Casi esquina Av. Veracruz, C.P. 05500",19.348281,-99.303115,Lunes a Viernes,09:00:00,17:00:00,5558135000,NA,NA,NA
SECRETARÍA  DE LAS MUJERES,LUNA,ALVARO OBREGON,Álvaro Obregón - Alaíde Foppa - Parque de la Juventud,Prolongación Calle 4,S/N,S/N,Tolteca,Tolteca,01150,"Dentro del Parque de la Juventud , C.P. 01150",19.391201,-99.198028,Lunes a Viernes,09:00:00,17:00:00,5552724060,5517156088,5558016298,NA
SECRETARÍA  DE LAS MUJERES,MÓDULO ABOGADAS DE LAS MUJERES,CUAUHTEMOC,Módulo Abogadas de las Mujeres CUH 1,Prolongación Lerdo,322,S/N,San Simón Tolnahuac,San Simón Tolnahuac,06920,En el interior de la Agencia del Ministerio Público,19.456447,-99.140329,Lunes a Domingo,08:00:00,21:00:00,55122772,22122836,NA,NA
SECRETARÍA  DE LAS MUJERES,LUNA,VENUSTIANO CARRANZA,Venustiano Carranza - Esperanza Brito de Martí,Prolongación Lucas Alamán,11,Piso 1,Del Parque,Del Parque,15960,C.P. 15960,19.418713,-99.118977,Lunes a Viernes De 09:00 a 17:00 <br><br> Sábados:<br> Asesoría jurídica.,09:00:00,15:00:00,5521210145,5555525692,5516731905,5557644495
SECRETARÍA  DE LAS MUJERES,MÓDULO ABOGADAS DE LAS MUJERES,CUAUHTEMOC,Módulo Abogadas de las Mujeres CUH 4,República de Paraguay,35,S/N,Centro,Centro,06020,En el interior de la Agencia del Ministerio Público,19.441685,-99.133552,Lunes a Domingo,08:00:00,21:00:00,55122772,22122836,NA,NA
SECRETARÍA  DE LAS MUJERES,LUNA,CUAUHTEMOC,Cuauhtémoc - Juana de Asbaje - Danubio,Río Danubio,S/N,S/N,Cuauhtémoc,Cuauhtémoc,06500,"Esquina Río Lerma, Arriba del mercado Cuautémoc, CP. 06500",19.429647,-99.166772,Lunes a Viernes,09:00:00,17:00:00,5522301557,NA,NA,NA
SECRETARÍA  DE LAS MUJERES,MÓDULO ABOGADAS DE LAS MUJERES,VENUSTIANO CARRANZA,Módulo Abogadas de las Mujeres VC 1,San Ciprián  esquina General Anaya,S/N,S/N,Merced Balbuena,Merced Balbuena,15210,En el interior de la Agencia del Ministerio Público,19.427129,-99.121809,Lunes a Domingo,08:00:00,21:00:00,55122772,22122836,NA,NA
SECRETARÍA  DE LAS MUJERES,MÓDULO ABOGADAS DE LAS MUJERES,IZTAPALAPA,Módulo Abogadas de las Mujeres IZP 7,San Lorenzo Tezonco,310,S/N,San Nicolás Tolentino,San Nicolás Tolentino,09850,En el interior de la Agencia del Ministerio Público,19.337954,-99.074875,Lunes a Domingo,08:00:00,21:00:00,55122772,22122836,NA,NA
SECRETARÍA  DE LAS MUJERES,MÓDULO ABOGADAS DE LAS MUJERES,CUAUHTEMOC,Módulo Abogadas de las Mujeres CUH 5,Santa María la Ribera,35,S/N,Santa María La Ribera,Santa María La Ribera,06400,En el interior de la Agencia del Ministerio Público,19.442756,-99.158043,Lunes a Domingo,08:00:00,21:00:00,55122772,22122836,NA,NA
SECRETARÍA  DE LAS MUJERES,MÓDULO ABOGADAS DE LAS MUJERES,COYOACAN,Módulo Abogadas de las Mujeres COY 1 Y 2,Tecualiapan y Zompantitla,S/N,S/N,Romero De Terreros,Romero De Terreros,04310,En el interior de la Agencia del Ministerio Público,19.344355,-99.166661,Lunes a Domingo,08:00:00,21:00:00,55122772,22122836,NA,NA
SECRETARÍA  DE LAS MUJERES,MÓDULO ABOGADAS DE LAS MUJERES,IZTAPALAPA,Módulo Abogadas de las Mujeres FDS5,Telecomunicaciones esquina Calle 3,S/N,S/N,Tepalcates,Tepalcates,09210,En el interior de la Agencia del Ministerio Público,19.381896,-99.040935,Lunes a Domingo,08:00:00,21:00:00,55122772,22122836,NA,NA
SECRETARÍA  DE LAS MUJERES,MÓDULO ABOGADAS DE LAS MUJERES,CUAUHTEMOC,Módulo Abogadas de las Mujeres CUH 6,Victoria,76,S/N,Centro (Área 1),Centro (Área 1),06000,En el interior de la Agencia del Ministerio Público,19.431812,-99.145896,Lunes a Domingo,08:00:00,21:00:00,55122772,22122836,NA,NA
SECRETARÍA  DE SALUD,SERVICIOS ESPECIALIZADOS DE PREVENCIÓN Y ATENCIÓN DE LA VIOLENCIA DE GÉNERO (SEPAVIGE),IZTAPALAPA,Hospital Comunitario Emiliano Zapata,Calle Cuco Sánchez,Mz. 143,1,Ampliación Emiliano Zapata,Ampliación Emiliano Zapata,09638,Esquina Pedro Infante,19.339269,-98.978377,Lunes a Viernes,08:00:00,16:00:00,5551321260 ext 1377,5551321258 ext 1381,NA,NA
SECRETARÍA  DE SALUD,SERVICIOS ESPECIALIZADOS DE PREVENCIÓN Y ATENCIÓN DE LA VIOLENCIA DE GÉNERO (SEPAVIGE),TLALPAN,Hospital General Ajusco Medio,Calle Encino,42,NA,Miguel Hidalgo 4a Sección,Miguel Hidalgo 4a Sección,14250,Entre Piña Nona y Hortensia,19.272229,-99.207837,Lunes a Viernes,07:00:00,15:00:00,5551321251 ext 1377,5551321250 ext 1381,NA,NA
SECRETARÍA  DE SALUD,SERVICIOS ESPECIALIZADOS DE PREVENCIÓN Y ATENCIÓN DE LA VIOLENCIA DE GÉNERO (SEPAVIGE),VENUSTIANO CARRANZA,Hospital General Balbuena,Cecilio Robelo y Sur,S/N,NA,Colonia Aeronáutica Militar,Colonia Aeronáutica Militar,15970,NA,19.424215,-99.115412,Lunes a Viernes,07:00:00,15:00:00,5551321251 ext 1377,5551321251 ext 1381,NA,NA
SECRETARÍA  DE SALUD,SERVICIOS ESPECIALIZADOS DE PREVENCIÓN Y ATENCIÓN DE LA VIOLENCIA DE GÉNERO (SEPAVIGE),CUAUHTEMOC,Hospital General Dr. Gregorio Salas,Carmen,42,NA,Colonia Centro,Colonia Centro,06000,NA,19.437765,-99.129559,Lunes a Viernes,07:30:00,15:30:00,5551321253 ext 1377,5551321252 ext 1381,NA,NA
SECRETARÍA  DE SALUD,SERVICIOS ESPECIALIZADOS DE PREVENCIÓN Y ATENCIÓN DE LA VIOLENCIA DE GÉNERO (SEPAVIGE),MIGUEL HIDALGO,Hospital General Dr. Rubén Leñero,Calle Salvador Díaz Mirón,344,NA,Un Hogar Para Nosotros,Un Hogar Para Nosotros,11340,NA,19.45096,-99.169367,Lunes a Viernes,07:00:00,15:00:00,5551321256 ext 1377,5551321254 ext 1381,NA,NA
SECRETARÍA  DE SALUD,SERVICIOS ESPECIALIZADOS DE PREVENCIÓN Y ATENCIÓN DE LA VIOLENCIA DE GÉNERO (SEPAVIGE),IZTAPALAPA,Hospital General Iztapalapa,Calzada Ermita Iztapalapa,3018,NA,Colonia Citlalli,Colonia Citlalli,09660,NA,19.343129,-99.02726,Lunes a Viernes,08:00:00,16:00:00,5551321254 ext 1377,5551321253 ext 1381,NA,NA
SECRETARÍA  DE SALUD,SERVICIOS ESPECIALIZADOS DE PREVENCIÓN Y ATENCIÓN DE LA VIOLENCIA DE GÉNERO (SEPAVIGE),GUSTAVO A. MADERO,Hospital General Ticomán,Plan de San Luis,7,NA,La Purísima Ticomán,La Purísima Ticomán,07330,NA,19.514491,-99.137764,Lunes a Viernes,07:00:00,15:00:00,5551321257 ext 1377,5551321255 ext 1381,NA,NA
SECRETARÍA  DE SALUD,SERVICIOS ESPECIALIZADOS DE PREVENCIÓN Y ATENCIÓN DE LA VIOLENCIA DE GÉNERO (SEPAVIGE),TLAHUAC,Hospital General Tláhuac,Avenida La Turba,655,NA,Villa Centroamericana,Villa Centroamericana,13278,Esquina con Gabriela Mistral,19.287482,-99.052705,Lunes a Viernes,08:00:00,16:00:00,5551321258 ext 1377,5551321256 ext 1381,NA,NA
SECRETARÍA  DE SALUD,SERVICIOS ESPECIALIZADOS DE PREVENCIÓN Y ATENCIÓN DE LA VIOLENCIA DE GÉNERO (SEPAVIGE),BENITO JUAREZ,Hospital General Xoco,Avenida México Coyoacán,S/N,NA,Colonia General Anaya,Colonia General Anaya,03330,Esquina con Bruno Trave,19.360292,-99.1623,Lunes a Viernes,07:00:00,15:00:00,5551321259 ext 1377,5551321257 ext 1381,NA,NA
SECRETARÍA  DE SALUD,SERVICIOS ESPECIALIZADOS DE PREVENCIÓN Y ATENCIÓN DE LA VIOLENCIA DE GÉNERO (SEPAVIGE),GUSTAVO A. MADERO,Hospital Materno Infantil Cuautepec,Avenida Emiliano Zapata,17,NA,Colonia Cuautepec Barrio Bajo,Colonia Cuautepec Barrio Bajo,07210,NA,19.539804,-99.141,Lunes a Viernes,08:00:00,16:00:00,5551321261 ext 1377,5551321259 ext 1381,NA,NA
SECRETARÍA  DE SALUD,SERVICIOS ESPECIALIZADOS DE PREVENCIÓN Y ATENCIÓN DE LA VIOLENCIA DE GÉNERO (SEPAVIGE),TLAHUAC,Hospital Materno Infantil Tláhuac,Avenida Tláhuac Chalco,231,NA,La Habana,La Habana,13050,NA,19.265136,-98.997951,Lunes a Viernes,07:00:00,15:00:00,5551321262 ext 1377,5551321260 ext 1381,NA,NA
SECRETARÍA  DE SALUD,SERVICIOS ESPECIALIZADOS DE PREVENCIÓN Y ATENCIÓN DE LA VIOLENCIA DE GÉNERO (SEPAVIGE),XOCHIMILCO,Hospital Materno Pediátrico Xochimilco,Prolongación 16 Septiembre,S/N,NA,Barrio Xaltocan,Barrio Xaltocan,16090,NA,19.254776,-99.104376,Lunes a Viernes,07:00:00,15:00:00,5551321263 ext 1377,5551321261 ext 1381,NA,NA
SECRETARÍA  DE SALUD,SERVICIOS ESPECIALIZADOS DE PREVENCIÓN Y ATENCIÓN DE LA VIOLENCIA DE GÉNERO (SEPAVIGE),COYOACAN,Hospital Pediátrico Coyoacán,Prolongación Moctezuma,18,NA,Del Carmen,Del Carmen,04100,NA,19.345835,-99.168048,"Sábados, domingos y festivos",07:00:00,19:00:00,5551321264 ext 1377,5551321262 ext 1381,NA,NA
SECRETARÍA  DE SALUD,SERVICIOS ESPECIALIZADOS DE PREVENCIÓN Y ATENCIÓN DE LA VIOLENCIA DE GÉNERO (SEPAVIGE),IZTACALCO,Hospital Pediátrico Iztacalco,Terraplén del Río Frío,S/N,NA,La Cruz,La Cruz,08310,NA,19.402506,-99.117794,Lunes a Viernes,08:00:00,16:00:00,5551321265 ext 1377,5551321263 ext 1381,NA,NA
SECRETARÍA  DE SALUD,SERVICIOS ESPECIALIZADOS DE PREVENCIÓN Y ATENCIÓN DE LA VIOLENCIA DE GÉNERO (SEPAVIGE),GUSTAVO A. MADERO,Hospital Pediátrico La Villa,Avenida Cantera,S/N,NA,Colonia Estanzuela,Colonia Estanzuela,07060,Esquina con Avenida Hidalgo,19.487223,-99.114269,Lunes a Viernes,07:00:00,14:00:00,5551321269 ext 1377,5551321267 ext 1381,NA,NA
SECRETARÍA  DE SALUD,SERVICIOS ESPECIALIZADOS DE PREVENCIÓN Y ATENCIÓN DE LA VIOLENCIA DE GÉNERO (SEPAVIGE),MIGUEL HIDALGO,Hospital Pediátrico Legaria,Calzada Legaria,371,NA,México Nuevo,México Nuevo,11260,NA,19.450748,-99.20293,Lunes a Viernes,07:00:00,15:00:00,5551321266 ext 1377,5551321264 ext 1381,NA,NA
SECRETARÍA  DE SALUD,SERVICIOS ESPECIALIZADOS DE PREVENCIÓN Y ATENCIÓN DE LA VIOLENCIA DE GÉNERO (SEPAVIGE),VENUSTIANO CARRANZA,Hospital Pediátrico Moctezuma,Calle Oriente 158,189,NA,Colonia Moctezuma 2a Seccion,Colonia Moctezuma 2a Seccion,15530,NA,19.432786,-99.098143,Lunes a Viernes,07:00:00,15:00:00,5551321267 ext 1377,5551321265 ext 1381,NA,NA
SECRETARÍA  DE SALUD,SERVICIOS ESPECIALIZADOS DE PREVENCIÓN Y ATENCIÓN DE LA VIOLENCIA DE GÉNERO (SEPAVIGE),GUSTAVO A. MADERO,Hospital Pediátrico San Juan De Aragón,Avenida 506,S/N,NA,An Juan De Aragón I Sección,An Juan De Aragón I Sección,07969,Entre 517 y 521,19.458105,-99.092421,Lunes a Viernes,08:00:00,16:00:00,5551321268 ext 1377,5551321266 ext 1381,NA,NA
SECRETARÍA  DE SALUD,SERVICIOS ESPECIALIZADOS DE PREVENCIÓN Y ATENCIÓN DE LA VIOLENCIA DE GÉNERO (SEPAVIGE),IZTAPALAPA,T-III Dr. Rafael Carrillo,Guadalupe Victoria,32,NA,Barrio San Lucas,Barrio San Lucas,09000,Esquina Cerrada Victoria,19.360392,-99.094595,Lunes a Viernes,08:00:00,16:00:00,5551321270 ext 1377,5551321268 ext 1381,NA,NA
SECRETARÍA  DE SALUD,SERVICIOS ESPECIALIZADOS DE PREVENCIÓN Y ATENCIÓN DE LA VIOLENCIA DE GÉNERO (SEPAVIGE),MILPA ALTA,T-III San Pablo Oztotepec,Matamoros,S/N,NA,Pueblo San Pablo Oztotepec,Pueblo San Pablo Oztotepec,12400,NA,19.187347,-99.072553,Lunes a Viernes,08:00:00,16:00:00,5551321271 ext 1377,5551321269 ext 1381,NA,NA
